representation,condition,snr_db,mAP@10_E4_Soundscape,Top1_E4,mAP@10_E2_ITERA,delta_mAP10_E4_minus_E2,retention_E4,retention_E2
R0,Clean,999,0.13194880952380952,0.275,0.1319488095238095,2.7755575615628914e-17,1.0,1.0
R0,SNR_20dB,20,0.12439523809523809,0.275,0.1319708333333333,-0.007575595238095201,0.942753773559371,1.0001669117713397
R0,SNR_10dB,10,0.0764954365079365,0.21,0.1022420634920635,-0.025746626984126997,0.5797357079916152,0.7748615835265601
R0,SNR_0dB,0,0.05023095238095238,0.1,0.0587065476190476,-0.00847559523809522,0.3806851502657055,0.4449191154578344
R0,SNR_-5dB,-5,0.036446626984126984,0.085,0.0348642857142857,0.0015823412698412823,0.27621792963240316,0.2642258451600097
R1,Clean,999,0.4152343253968255,0.6,0.4152343253968255,0.0,1.0,1.0
R1,SNR_20dB,20,0.38155357142857144,0.605,0.4532884920634921,-0.07173492063492065,0.9188873561065394,1.0916450407376594
R1,SNR_10dB,10,0.2921628968253968,0.47,0.3700033730158729,-0.07784047619047607,0.7036096944687474,0.8910712587700286
R1,SNR_0dB,0,0.19180218253968256,0.375,0.1289613095238095,0.06284087301587307,0.4619131194329459,0.3105747806387767
R1,SNR_-5dB,-5,0.14799027777777776,0.3,0.0590396825396825,0.08895059523809526,0.35640184042190737,0.1421840125650987
R2,Clean,999,0.9126194444444444,0.95,0.9126194444444444,0.0,1.0,1.0
R2,SNR_20dB,20,0.9188490079365078,0.945,0.9067551587301588,0.012093849206349039,1.006826025382196,0.9935742266396094
R2,SNR_10dB,10,0.9026474206349206,0.925,0.8857926587301587,0.016854761904761983,0.9890731850277481,0.9706046305745584
R2,SNR_0dB,0,0.8298922619047618,0.89,0.831693253968254,-0.0018009920634921572,0.9093519395808594,0.91132537119516
R2,SNR_-5dB,-5,0.7605777777777777,0.825,0.7707208333333333,-0.010143055555555613,0.8334008029390368,0.8445150254304611
R3,Clean,999,0.01900952380952381,0.065,0.0190095238095238,1.0408340855860843e-17,1.0,1.0
R3,SNR_20dB,20,0.013686904761904763,0.035,0.0158400793650793,-0.002153174603174537,0.72000250501002,0.8332707080828324
R3,SNR_10dB,10,0.013435119047619048,0.04,0.0147912698412698,-0.0013561507936507514,0.7067572645290582,0.7780978623914494
R3,SNR_0dB,0,0.016046031746031742,0.055,0.0142279761904761,0.0018180555555556421,0.8441048764195055,0.7484656813627254
R3,SNR_-5dB,-5,0.017131349206349206,0.045,0.0164829365079365,0.0006484126984127071,0.9011982297929192,0.8670883433533735
