representation,condition,snr_db,mAP@10,Recall@10,Precision@10,Top1_Accuracy,relative_retention,absolute_drop
R0,Clean,999,0.13194880952380952,0.012260724035892148,0.2175,0.275,1.0,0.0
R0,SNR_20dB,20,0.13197083333333332,0.012299068425621418,0.2165,0.335,1.0001669117713397,-2.2023809523791238e-05
R0,SNR_10dB,10,0.1022420634920635,0.010125460571963635,0.183,0.24,0.7748615835265601,0.02970674603174603
R0,SNR_0dB,0,0.05870654761904762,0.006121198189841026,0.1165,0.165,0.44491911545783447,0.07324226190476191
R0,SNR_-5dB,-5,0.03486428571428571,0.005036442170292992,0.092,0.09,0.2642258451600097,0.09708452380952381
R1,Clean,999,0.4152343253968255,0.029086558359137215,0.5025,0.6,1.0,0.0
R1,SNR_20dB,20,0.4532884920634921,0.03063714873978485,0.532,0.665,1.0916450407376594,-0.03805416666666661
R1,SNR_10dB,10,0.37000337301587294,0.026103640815606576,0.45699999999999996,0.58,0.8910712587700286,0.04523095238095254
R1,SNR_0dB,0,0.12896130952380952,0.01081099574724469,0.205,0.225,0.31057478063877675,0.28627301587301596
R1,SNR_-5dB,-5,0.05903968253968253,0.005942963724624024,0.12,0.14,0.14218401256509874,0.356194642857143
R2,Clean,999,0.9126194444444444,0.05279218188736916,0.9280000000000002,0.95,1.0,0.0
R2,SNR_20dB,20,0.9067551587301588,0.05243459754103247,0.922,0.955,0.9935742266396094,0.005864285714285655
R2,SNR_10dB,10,0.8857926587301587,0.05153199793809256,0.9055000000000001,0.94,0.9706046305745584,0.02682678571428576
R2,SNR_0dB,0,0.831693253968254,0.049363068001762454,0.8675,0.885,0.91132537119516,0.08092619047619043
R2,SNR_-5dB,-5,0.7707208333333333,0.04709994026237681,0.8270000000000001,0.815,0.8445150254304611,0.14189861111111113
R3,Clean,999,0.01900952380952381,0.0028276041874866925,0.053000000000000005,0.065,1.0,0.0
R3,SNR_20dB,20,0.015840079365079366,0.002996287822998137,0.054000000000000006,0.04,0.8332707080828324,0.0031694444444444435
R3,SNR_10dB,10,0.014791269841269838,0.002488073913934916,0.045,0.035,0.7780978623914494,0.004218253968253972
R3,SNR_0dB,0,0.01422797619047619,0.0024595619256188106,0.044500000000000005,0.04,0.7484656813627254,0.004781547619047619
R3,SNR_-5dB,-5,0.01648293650793651,0.0026735174630645613,0.049,0.045,0.8670883433533735,0.0025265873015873005
