representation,condition,snr_db,mAP@10,Top1
R0,Clean,999,0.13194880952380952,0.275
R0,SNR_20dB,20,0.12439523809523809,0.275
R0,SNR_10dB,10,0.0764954365079365,0.21
R0,SNR_0dB,0,0.05023095238095238,0.1
R0,SNR_-5dB,-5,0.036446626984126984,0.085
R1,Clean,999,0.4152343253968255,0.6
R1,SNR_20dB,20,0.38155357142857144,0.605
R1,SNR_10dB,10,0.2921628968253968,0.47
R1,SNR_0dB,0,0.19180218253968256,0.375
R1,SNR_-5dB,-5,0.14799027777777776,0.3
R2,Clean,999,0.9126194444444444,0.95
R2,SNR_20dB,20,0.9188490079365078,0.945
R2,SNR_10dB,10,0.9026474206349206,0.925
R2,SNR_0dB,0,0.8298922619047618,0.89
R2,SNR_-5dB,-5,0.7605777777777777,0.825
R3,Clean,999,0.01900952380952381,0.065
R3,SNR_20dB,20,0.013686904761904763,0.035
R3,SNR_10dB,10,0.013435119047619048,0.04
R3,SNR_0dB,0,0.016046031746031742,0.055
R3,SNR_-5dB,-5,0.017131349206349206,0.045
