case_id,representation,condition,query_id,query_species,recordist,predicted_top1_species,top1_similarity,true_class_max_similarity,retrieval_gap,threshold_tau,margin_to_tau,failure_type,spectral_centroid_hz,bandwidth_hz,primary_acoustic_cause,quantitative_diagnosis
FAIL_001,R2,Clean,XC580800,sobtyr1,Javier Ricardo Salamanca-Reyes,strcuc1,0.6389,0.6334,0.0055,0.7128,-0.0739,Total Retrieval Collapse,5056.2,3721.4,intra_species_vocal_variation,Kueri sobtyr1 tertolak ambang batas (sim=0.6389 < tau*=0.7128) dan salah dipasangkan dengan strcuc1 karena variasi tipe kicau individu perekam yang berbeda.
FAIL_002,R2,Clean,XC612769,sobtyr1,Fabrice Schmitt,sobtyr1,0.7069,0.7069,0.0,0.7128,-0.0059,Open-Set False Rejection,4267.9,3356.2,temporal_fragmentation_short_call,Kueri sobtyr1 teridentifikasi benar di peringkat #1 namun skor 0.7069 berada di bawah ambang tau*=0.7128 (margin -0.0059) akibat durasi aktivitas vokal terfragmentasi.
FAIL_003,R2,Clean,XC653904,sobtyr1,Jacob Wijpkema,sobtyr1,0.6734,0.6734,0.0,0.7128,-0.0394,Open-Set False Rejection,4029.5,3337.1,temporal_fragmentation_short_call,Kueri sobtyr1 teridentifikasi benar di peringkat #1 namun skor 0.6734 berada di bawah ambang tau*=0.7128 (margin -0.0394) akibat durasi aktivitas vokal terfragmentasi.
FAIL_004,R2,Clean,XC388556,greant1,Marcelo Jordani Feliti,greant1,0.6917,0.6917,0.0,0.7128,-0.0211,Open-Set False Rejection,3380.9,2991.5,temporal_fragmentation_short_call,Kueri greant1 teridentifikasi benar di peringkat #1 namun skor 0.6917 berada di bawah ambang tau*=0.7128 (margin -0.0211) akibat durasi aktivitas vokal terfragmentasi.
FAIL_005,R2,Clean,XC616309,greant1,Fabrice Schmitt,greant1,0.6882,0.6882,0.0,0.7128,-0.0247,Open-Set False Rejection,4856.1,3765.6,temporal_fragmentation_short_call,Kueri greant1 teridentifikasi benar di peringkat #1 namun skor 0.6882 berada di bawah ambang tau*=0.7128 (margin -0.0247) akibat durasi aktivitas vokal terfragmentasi.
FAIL_006,R1,Clean,XC1011212,coffal1,Jacob Wijpkema,compau,0.8982,0.8816,0.0166,0.9117,-0.0135,Total Retrieval Collapse,3964.8,2762.1,intra_species_vocal_variation,Kueri coffal1 tertolak ambang batas (sim=0.8982 < tau*=0.9117) dan salah dipasangkan dengan compau karena variasi tipe kicau individu perekam yang berbeda.
FAIL_007,R1,Clean,XC640029,coffal1,Ciro Albano,baffal1,0.9243,0.9237,0.0007,0.9117,0.0126,Top-1 Confusion (Above Tau),4605.8,4286.1,acoustic_feature_overlap,"Vokal kueri coffal1 memiliki spektral centroid 4606 Hz yang tumpang tindih dengan galeri baffal1. Skor kemiripan 0.9243 melampaui tau*=0.9117, namun takson target berada pada selisih margin 0.0007."
FAIL_008,R1,Clean,XC580510,coffal1,Kent Livezey,linwoo1,0.9224,0.9017,0.0207,0.9117,0.0107,Top-1 Confusion (Above Tau),4617.2,2920.0,acoustic_feature_overlap,"Vokal kueri coffal1 memiliki spektral centroid 4617 Hz yang tumpang tindih dengan galeri linwoo1. Skor kemiripan 0.9224 melampaui tau*=0.9117, namun takson target berada pada selisih margin 0.0207."
FAIL_009,R1,Clean,XC514068,coffal1,David Bradley,coffal1,0.896,0.896,0.0,0.9117,-0.0157,Open-Set False Rejection,3807.6,3712.3,temporal_fragmentation_short_call,Kueri coffal1 teridentifikasi benar di peringkat #1 namun skor 0.8960 berada di bawah ambang tau*=0.9117 (margin -0.0157) akibat durasi aktivitas vokal terfragmentasi.
FAIL_010,R1,Clean,XC504846,sobtyr1,Iván Lau,banana,0.9398,0.9332,0.0066,0.9117,0.0281,Top-1 Confusion (Above Tau),5197.2,3857.5,acoustic_feature_overlap,"Vokal kueri sobtyr1 memiliki spektral centroid 5197 Hz yang tumpang tindih dengan galeri banana. Skor kemiripan 0.9398 melampaui tau*=0.9117, namun takson target berada pada selisih margin 0.0066."
FAIL_011,R2,SNR_-5dB,XC1011212,coffal1,Jacob Wijpkema,coffal1,0.6598,0.6598,0.0,0.7128,-0.053,Open-Set False Rejection,5098.8,4696.7,low_snr_energetic_masking,"Top-1 kueri coffal1 berhasil mencocokkan spesies yang benar, namun tertolak oleh ambang batas tau*=0.7128 karena penurunan kemiripan kosinus global ke 0.6598 (margin -0.0530)."
FAIL_012,R2,SNR_-5dB,XC518849,coffal1,Marcelo da Rocha,coffal1,0.6944,0.6944,0.0,0.7128,-0.0184,Open-Set False Rejection,5250.8,4729.3,low_snr_energetic_masking,"Top-1 kueri coffal1 berhasil mencocokkan spesies yang benar, namun tertolak oleh ambang batas tau*=0.7128 karena penurunan kemiripan kosinus global ke 0.6944 (margin -0.0184)."
FAIL_013,R2,SNR_-5dB,XC580510,coffal1,Kent Livezey,coffal1,0.6399,0.6399,0.0,0.7128,-0.0729,Open-Set False Rejection,5107.5,4718.5,low_snr_energetic_masking,"Top-1 kueri coffal1 berhasil mencocokkan spesies yang benar, namun tertolak oleh ambang batas tau*=0.7128 karena penurunan kemiripan kosinus global ke 0.6399 (margin -0.0729)."
FAIL_014,R2,SNR_-5dB,XC504846,sobtyr1,Iván Lau,sobtyr1,0.6925,0.6925,0.0,0.7128,-0.0203,Open-Set False Rejection,5294.7,4573.6,low_snr_energetic_masking,"Top-1 kueri sobtyr1 berhasil mencocokkan spesies yang benar, namun tertolak oleh ambang batas tau*=0.7128 karena penurunan kemiripan kosinus global ke 0.6925 (margin -0.0203)."
FAIL_015,R2,SNR_-5dB,XC764623,sobtyr1,Niels Krabbe,sobtyr1,0.6913,0.6913,0.0,0.7128,-0.0216,Open-Set False Rejection,5245.1,4630.8,low_snr_energetic_masking,"Top-1 kueri sobtyr1 berhasil mencocokkan spesies yang benar, namun tertolak oleh ambang batas tau*=0.7128 karena penurunan kemiripan kosinus global ke 0.6913 (margin -0.0216)."
FAIL_016,R2,SNR_-5dB,XC653903,sobtyr1,Jacob Wijpkema,sobtyr1,0.6732,0.6732,0.0,0.7128,-0.0396,Open-Set False Rejection,5166.8,4607.2,low_snr_energetic_masking,"Top-1 kueri sobtyr1 berhasil mencocokkan spesies yang benar, namun tertolak oleh ambang batas tau*=0.7128 karena penurunan kemiripan kosinus global ke 0.6732 (margin -0.0396)."
FAIL_017,R2,SNR_-5dB,XC580800,sobtyr1,Javier Ricardo Salamanca-Reyes,sobtyr1,0.6542,0.6542,0.0,0.7128,-0.0586,Open-Set False Rejection,5146.2,4716.6,low_snr_energetic_masking,"Top-1 kueri sobtyr1 berhasil mencocokkan spesies yang benar, namun tertolak oleh ambang batas tau*=0.7128 karena penurunan kemiripan kosinus global ke 0.6542 (margin -0.0586)."
FAIL_018,R2,SNR_-5dB,XC612769,sobtyr1,Fabrice Schmitt,sobtyr1,0.6898,0.6898,0.0,0.7128,-0.023,Open-Set False Rejection,5093.5,4543.4,low_snr_energetic_masking,"Top-1 kueri sobtyr1 berhasil mencocokkan spesies yang benar, namun tertolak oleh ambang batas tau*=0.7128 karena penurunan kemiripan kosinus global ke 0.6898 (margin -0.0230)."
FAIL_019,R2,SNR_-5dB,XC1062368,sobtyr1,Jacob Wijpkema,sobtyr1,0.7084,0.7084,0.0,0.7128,-0.0044,Open-Set False Rejection,5212.3,4608.5,low_snr_energetic_masking,"Top-1 kueri sobtyr1 berhasil mencocokkan spesies yang benar, namun tertolak oleh ambang batas tau*=0.7128 karena penurunan kemiripan kosinus global ke 0.7084 (margin -0.0044)."
FAIL_020,R2,SNR_-5dB,XC653904,sobtyr1,Jacob Wijpkema,sobtyr1,0.6992,0.6992,0.0,0.7128,-0.0136,Open-Set False Rejection,5129.7,4625.0,low_snr_energetic_masking,"Top-1 kueri sobtyr1 berhasil mencocokkan spesies yang benar, namun tertolak oleh ambang batas tau*=0.7128 karena penurunan kemiripan kosinus global ke 0.6992 (margin -0.0136)."
FAIL_021,R1,SNR_-5dB,XC1011212,coffal1,Jacob Wijpkema,yeofly1,0.8858,0.8781,0.0077,0.9117,-0.0259,Total Retrieval Collapse,5098.8,4696.7,low_snr_energetic_masking,"Pada SNR -5 dB, energi derau mendominasi kicauan coffal1 (centroid bergeser ke 5099 Hz). Skor anjlok ke 0.8858 (< tau*=0.9117) dan salah terpaut ke yeofly1."
FAIL_022,R1,SNR_-5dB,XC518849,coffal1,Marcelo da Rocha,pirfly1,0.9353,0.8693,0.066,0.9117,0.0236,Top-1 Confusion (Above Tau),5250.8,4729.3,noise_induced_representation_shift,Injeksi derau -5 dB menyebabkan artefak fitur yang secara keliru meningkatkan kedekatan embedding kueri ke pirfly1 dengan skor 0.9353 di atas tau*=0.9117.
FAIL_023,R1,SNR_-5dB,XC640029,coffal1,Ciro Albano,pirfly1,0.9408,0.8422,0.0986,0.9117,0.0291,Top-1 Confusion (Above Tau),5156.4,4743.3,noise_induced_representation_shift,Injeksi derau -5 dB menyebabkan artefak fitur yang secara keliru meningkatkan kedekatan embedding kueri ke pirfly1 dengan skor 0.9408 di atas tau*=0.9117.
FAIL_024,R1,SNR_-5dB,XC238626,coffal1,Niels Krabbe,pirfly1,0.9393,0.8974,0.0419,0.9117,0.0276,Top-1 Confusion (Above Tau),5113.8,4744.4,noise_induced_representation_shift,Injeksi derau -5 dB menyebabkan artefak fitur yang secara keliru meningkatkan kedekatan embedding kueri ke pirfly1 dengan skor 0.9393 di atas tau*=0.9117.
FAIL_025,R1,SNR_-5dB,XC580510,coffal1,Kent Livezey,pirfly1,0.927,0.8898,0.0371,0.9117,0.0153,Top-1 Confusion (Above Tau),5107.5,4718.5,noise_induced_representation_shift,Injeksi derau -5 dB menyebabkan artefak fitur yang secara keliru meningkatkan kedekatan embedding kueri ke pirfly1 dengan skor 0.9270 di atas tau*=0.9117.
FAIL_026,R1,SNR_-5dB,XC909155,coffal1,Luis Gomez,pirfly1,0.9108,0.9082,0.0026,0.9117,-0.001,Total Retrieval Collapse,5217.9,4688.7,low_snr_energetic_masking,"Pada SNR -5 dB, energi derau mendominasi kicauan coffal1 (centroid bergeser ke 5218 Hz). Skor anjlok ke 0.9108 (< tau*=0.9117) dan salah terpaut ke pirfly1."
FAIL_027,R1,SNR_-5dB,XC597587,coffal1,Erik Camilo Gaitán López,pirfly1,0.923,0.9081,0.0149,0.9117,0.0113,Top-1 Confusion (Above Tau),5149.6,4739.2,noise_induced_representation_shift,Injeksi derau -5 dB menyebabkan artefak fitur yang secara keliru meningkatkan kedekatan embedding kueri ke pirfly1 dengan skor 0.9230 di atas tau*=0.9117.
FAIL_028,R1,SNR_-5dB,XC514068,coffal1,David Bradley,pirfly1,0.9409,0.8387,0.1022,0.9117,0.0292,Top-1 Confusion (Above Tau),5099.5,4737.6,noise_induced_representation_shift,Injeksi derau -5 dB menyebabkan artefak fitur yang secara keliru meningkatkan kedekatan embedding kueri ke pirfly1 dengan skor 0.9409 di atas tau*=0.9117.
FAIL_029,R1,SNR_-5dB,XC915055,coffal1,Rodrigo Y Castro,coffal1,0.9042,0.9042,0.0,0.9117,-0.0075,Open-Set False Rejection,5025.8,4729.5,low_snr_energetic_masking,"Top-1 kueri coffal1 berhasil mencocokkan spesies yang benar, namun tertolak oleh ambang batas tau*=0.9117 karena penurunan kemiripan kosinus global ke 0.9042 (margin -0.0075)."
FAIL_030,R1,SNR_-5dB,XC504846,sobtyr1,Iván Lau,pirfly1,0.9456,0.9293,0.0163,0.9117,0.0339,Top-1 Confusion (Above Tau),5294.7,4573.6,noise_induced_representation_shift,Injeksi derau -5 dB menyebabkan artefak fitur yang secara keliru meningkatkan kedekatan embedding kueri ke pirfly1 dengan skor 0.9456 di atas tau*=0.9117.
