query_id,species_key,top1_match,max_similarity,total_relevant_in_gallery,reciprocal_rank,P@1,R@1,P@5,R@5,P@10,R@10,AP@10,representation
1082251,Apalharpactes mackloti,1,0.9839487075805664,8,1.0,1.0,0.125,0.2,0.125,0.1,0.125,0.125,R0
1082243,Batrachostomus_poliolophus,0,0.9750468730926514,5,0.02857142857142857,0.0,0.0,0.0,0.0,0.0,0.0,0.0,R0
39384,Caprimulgus_pulchellus,0,0.9875251650810242,11,0.1,0.0,0.0,0.0,0.0,0.1,0.09090909090909091,0.01,R0
196213,Carpococcyx_viridis,1,0.9948664903640747,19,1.0,1.0,0.05263157894736842,0.8,0.21052631578947367,0.7,0.3684210526315789,0.5964285714285714,R0
1082288,Erythropitta_venusta,0,0.9909217357635498,4,0.02631578947368421,0.0,0.0,0.0,0.0,0.0,0.0,0.0,R0
241696,Gypsophila_rufipectus,0,0.9937953352928162,26,0.25,0.0,0.0,0.2,0.038461538461538464,0.5,0.19230769230769232,0.19027777777777777,R0
39510,Hydrornis_schneideri,0,0.9796228408813477,4,0.125,0.0,0.0,0.0,0.0,0.1,0.25,0.03125,R0
648641,Ixos_sumatranus,0,0.9822906851768494,2,0.1111111111111111,0.0,0.0,0.0,0.0,0.1,0.5,0.05555555555555555,R0
431519,Lophura_inornata,0,0.9464372396469116,1,0.009615384615384616,0.0,0.0,0.0,0.0,0.0,0.0,0.0,R0
409557,Myophonus_melanurus,1,0.9764953255653381,13,1.0,1.0,0.07692307692307693,0.6,0.23076923076923078,0.5,0.38461538461538464,0.43809523809523815,R0
196221,Napothera_albostriata,0,0.9874027967453003,17,0.2,0.0,0.0,0.2,0.058823529411764705,0.3,0.17647058823529413,0.08607142857142858,R0
210245,Pellorneum_buettikoferi,1,0.9963013529777527,7,1.0,1.0,0.14285714285714285,0.2,0.14285714285714285,0.2,0.2857142857142857,0.19047619047619047,R0
296501,Picus_dedemi,0,0.9914883971214294,2,0.5,0.0,0.0,0.2,0.5,0.1,0.5,0.25,R0
1082270,Polyplectron_chalcurum,0,0.9847100377082825,17,0.3333333333333333,0.0,0.0,0.2,0.058823529411764705,0.2,0.11764705882352941,0.05333333333333333,R0
1082251,Apalharpactes mackloti,1,0.9715136289596558,8,1.0,1.0,0.125,0.6,0.375,0.3,0.375,0.3020833333333333,R1
1082243,Batrachostomus_poliolophus,1,0.8505285382270813,5,1.0,1.0,0.2,0.2,0.2,0.1,0.2,0.2,R1
39384,Caprimulgus_pulchellus,1,0.8058916330337524,11,1.0,1.0,0.09090909090909091,1.0,0.45454545454545453,0.7,0.6363636363636364,0.6777777777777778,R1
196213,Carpococcyx_viridis,1,0.9483330249786377,19,1.0,1.0,0.05263157894736842,1.0,0.2631578947368421,0.7,0.3684210526315789,0.6777777777777778,R1
1082288,Erythropitta_venusta,0,0.8581968545913696,4,0.25,0.0,0.0,0.2,0.25,0.2,0.5,0.14583333333333331,R1
241696,Gypsophila_rufipectus,0,0.9342217445373535,26,0.5,0.0,0.0,0.4,0.07692307692307693,0.3,0.11538461538461539,0.14999999999999997,R1
39510,Hydrornis_schneideri,0,0.7975455522537231,4,0.25,0.0,0.0,0.2,0.25,0.2,0.5,0.14583333333333331,R1
648641,Ixos_sumatranus,0,0.9357930421829224,2,0.125,0.0,0.0,0.0,0.0,0.1,0.5,0.0625,R1
431519,Lophura_inornata,0,0.7929726839065552,1,0.029411764705882353,0.0,0.0,0.0,0.0,0.0,0.0,0.0,R1
409557,Myophonus_melanurus,1,0.9423019886016846,13,1.0,1.0,0.07692307692307693,0.2,0.07692307692307693,0.2,0.15384615384615385,0.12,R1
196221,Napothera_albostriata,1,0.8810778856277466,17,1.0,1.0,0.058823529411764705,0.8,0.23529411764705882,0.5,0.29411764705882354,0.43,R1
210245,Pellorneum_buettikoferi,1,0.9609420299530029,7,1.0,1.0,0.14285714285714285,0.2,0.14285714285714285,0.2,0.2857142857142857,0.17460317460317462,R1
296501,Picus_dedemi,0,0.8841743469238281,2,0.14285714285714285,0.0,0.0,0.0,0.0,0.1,0.5,0.07142857142857142,R1
1082270,Polyplectron_chalcurum,1,0.9148945212364197,17,1.0,1.0,0.058823529411764705,0.4,0.11764705882352941,0.5,0.29411764705882354,0.3555555555555555,R1
1082251,Apalharpactes mackloti,1,0.8778845071792603,8,1.0,1.0,0.125,0.2,0.125,0.4,0.5,0.28273809523809523,R2
1082243,Batrachostomus_poliolophus,1,0.6000091433525085,5,1.0,1.0,0.2,0.4,0.4,0.2,0.4,0.4,R2
39384,Caprimulgus_pulchellus,1,0.7069305181503296,11,1.0,1.0,0.09090909090909091,1.0,0.45454545454545453,0.9,0.8181818181818182,0.8521031746031748,R2
196213,Carpococcyx_viridis,1,0.8062578439712524,19,1.0,1.0,0.05263157894736842,1.0,0.2631578947368421,1.0,0.5263157894736842,1.0,R2
1082288,Erythropitta_venusta,1,0.8115617036819458,4,1.0,1.0,0.25,0.8,1.0,0.4,1.0,1.0,R2
241696,Gypsophila_rufipectus,1,0.8280458450317383,26,1.0,1.0,0.038461538461538464,0.2,0.038461538461538464,0.4,0.15384615384615385,0.2261904761904762,R2
39510,Hydrornis_schneideri,0,0.7594612240791321,4,0.07142857142857142,0.0,0.0,0.0,0.0,0.0,0.0,0.0,R2
648641,Ixos_sumatranus,0,0.6437885761260986,2,0.125,0.0,0.0,0.0,0.0,0.2,1.0,0.1736111111111111,R2
431519,Lophura_inornata,0,0.5618983507156372,1,0.008928571428571428,0.0,0.0,0.0,0.0,0.0,0.0,0.0,R2
409557,Myophonus_melanurus,1,0.7958769202232361,13,1.0,1.0,0.07692307692307693,1.0,0.38461538461538464,1.0,0.7692307692307693,1.0,R2
196221,Napothera_albostriata,1,0.6906449794769287,17,1.0,1.0,0.058823529411764705,0.8,0.23529411764705882,0.8,0.47058823529411764,0.716547619047619,R2
210245,Pellorneum_buettikoferi,1,0.7211921811103821,7,1.0,1.0,0.14285714285714285,0.8,0.5714285714285714,0.4,0.5714285714285714,0.5714285714285714,R2
296501,Picus_dedemi,1,0.7491819858551025,2,1.0,1.0,0.5,0.4,1.0,0.2,1.0,0.8333333333333333,R2
1082270,Polyplectron_chalcurum,1,0.8663725852966309,17,1.0,1.0,0.058823529411764705,0.8,0.23529411764705882,0.6,0.35294117647058826,0.5583333333333333,R2
1082251,Apalharpactes mackloti,0,0.38121575117111206,8,0.09090909090909091,0.0,0.0,0.0,0.0,0.0,0.0,0.0,R3
1082243,Batrachostomus_poliolophus,0,0.3538573384284973,5,0.25,0.0,0.0,0.2,0.2,0.1,0.2,0.05,R3
39384,Caprimulgus_pulchellus,0,0.42563551664352417,11,0.058823529411764705,0.0,0.0,0.0,0.0,0.0,0.0,0.0,R3
196213,Carpococcyx_viridis,0,0.3605249524116516,19,0.14285714285714285,0.0,0.0,0.0,0.0,0.1,0.05263157894736842,0.014285714285714285,R3
1082288,Erythropitta_venusta,0,0.4036032557487488,4,0.05,0.0,0.0,0.0,0.0,0.0,0.0,0.0,R3
241696,Gypsophila_rufipectus,0,0.31165289878845215,26,0.3333333333333333,0.0,0.0,0.2,0.038461538461538464,0.1,0.038461538461538464,0.03333333333333333,R3
39510,Hydrornis_schneideri,0,0.30058804154396057,4,0.043478260869565216,0.0,0.0,0.0,0.0,0.0,0.0,0.0,R3
648641,Ixos_sumatranus,0,0.36459147930145264,2,0.014084507042253521,0.0,0.0,0.0,0.0,0.0,0.0,0.0,R3
431519,Lophura_inornata,0,0.36404865980148315,1,0.02,0.0,0.0,0.0,0.0,0.0,0.0,0.0,R3
409557,Myophonus_melanurus,0,0.47837767004966736,13,0.09090909090909091,0.0,0.0,0.0,0.0,0.0,0.0,0.0,R3
196221,Napothera_albostriata,1,0.34158089756965637,17,1.0,1.0,0.058823529411764705,0.2,0.058823529411764705,0.1,0.058823529411764705,0.1,R3
210245,Pellorneum_buettikoferi,0,0.44540876150131226,7,0.05263157894736842,0.0,0.0,0.0,0.0,0.0,0.0,0.0,R3
296501,Picus_dedemi,0,0.4025194048881531,2,0.029411764705882353,0.0,0.0,0.0,0.0,0.0,0.0,0.0,R3
1082270,Polyplectron_chalcurum,0,0.4812687337398529,17,0.5,0.0,0.0,0.2,0.058823529411764705,0.1,0.058823529411764705,0.05,R3
