frozen_tau,AUROC,AUPRC,F1_at_tau,Precision_at_tau,Recall_at_tau,False_Positive_Rate,total_known_tested,total_unknown_tested,representation,condition,snr_db,delta_Recall,delta_FPR,clean_recall,clean_fpr
0.9921036213636398,0.5,0.0,0.8950276243093923,1.0,0.81,0.0,200,0,R0,Clean,999,0.0,0.0,0.81,0.0
0.9921036213636398,0.5,0.0,0.9501312335958005,1.0,0.905,0.0,200,0,R0,SNR_20dB,20,0.09499999999999997,0.0,0.81,0.0
0.9921036213636398,0.5,0.0,0.9873417721518987,1.0,0.975,0.0,200,0,R0,SNR_10dB,10,0.16499999999999992,0.0,0.81,0.0
0.9921036213636398,0.5,0.0,0.9974937343358395,1.0,0.995,0.0,200,0,R0,SNR_0dB,0,0.18499999999999994,0.0,0.81,0.0
0.9921036213636398,0.5,0.0,0.9847715736040609,1.0,0.97,0.0,200,0,R0,SNR_-5dB,-5,0.15999999999999992,0.0,0.81,0.0
0.9107763767242432,0.5,0.0,0.8980716253443526,1.0,0.815,0.0,200,0,R1,Clean,999,0.0,0.0,0.815,0.0
0.9107763767242432,0.5,0.0,0.9333333333333333,1.0,0.875,0.0,200,0,R1,SNR_20dB,20,0.06000000000000005,0.0,0.815,0.0
0.9107763767242432,0.5,0.0,0.9010989010989011,1.0,0.82,0.0,200,0,R1,SNR_10dB,10,0.0050000000000000044,0.0,0.815,0.0
0.9107763767242432,0.5,0.0,0.8304093567251462,1.0,0.71,0.0,200,0,R1,SNR_0dB,0,-0.10499999999999998,0.0,0.815,0.0
0.9107763767242432,0.5,0.0,0.8668555240793201,1.0,0.765,0.0,200,0,R1,SNR_-5dB,-5,-0.04999999999999993,0.0,0.815,0.0
0.7061787843704224,0.5,0.0,0.9361702127659575,1.0,0.88,0.0,200,0,R2,Clean,999,0.0,0.0,0.88,0.0
0.7061787843704224,0.5,0.0,0.921832884097035,1.0,0.855,0.0,200,0,R2,SNR_20dB,20,-0.025000000000000022,0.0,0.88,0.0
0.7061787843704224,0.5,0.0,0.9041095890410958,1.0,0.825,0.0,200,0,R2,SNR_10dB,10,-0.05500000000000005,0.0,0.88,0.0
0.7061787843704224,0.5,0.0,0.787878787878788,1.0,0.65,0.0,200,0,R2,SNR_0dB,0,-0.22999999999999998,0.0,0.88,0.0
0.7061787843704224,0.5,0.0,0.6486486486486487,1.0,0.48,0.0,200,0,R2,SNR_-5dB,-5,-0.4,0.0,0.88,0.0
0.5092407166957855,0.5,0.0,0.8165680473372781,1.0,0.69,0.0,200,0,R3,Clean,999,0.0,0.0,0.69,0.0
0.5092407166957855,0.5,0.0,0.7951807228915663,1.0,0.66,0.0,200,0,R3,SNR_20dB,20,-0.029999999999999916,0.0,0.69,0.0
0.5092407166957855,0.5,0.0,0.8372093023255813,1.0,0.72,0.0,200,0,R3,SNR_10dB,10,0.030000000000000027,0.0,0.69,0.0
0.5092407166957855,0.5,0.0,0.8059701492537313,1.0,0.675,0.0,200,0,R3,SNR_0dB,0,-0.014999999999999902,0.0,0.69,0.0
0.5092407166957855,0.5,0.0,0.8571428571428571,1.0,0.75,0.0,200,0,R3,SNR_-5dB,-5,0.06000000000000005,0.0,0.69,0.0
