query_id,species_key,recordist,top1_match,max_similarity_score,AP@10,Recall@10,Precision@10
XC1011212,coffal1,Jacob Wijpkema,0,0.898196280002594,0.025,0.005847953216374269,0.1
XC518849,coffal1,Marcelo da Rocha,1,0.9363088607788086,0.5380952380952382,0.03508771929824561,0.6
XC640029,coffal1,Ciro Albano,0,0.924349844455719,0.35297619047619044,0.03508771929824561,0.6
XC238626,coffal1,Niels Krabbe,1,0.9528942108154297,0.6818253968253968,0.04678362573099415,0.8
XC580510,coffal1,Kent Livezey,0,0.9223858714103699,0.25999999999999995,0.029239766081871343,0.5
XC841725,coffal1,Niels Krabbe,1,0.9197864532470703,0.9,0.05263157894736842,0.9
XC909155,coffal1,Luis Gomez,1,0.9440916776657104,0.6080952380952381,0.04093567251461988,0.7
XC597587,coffal1,Erik Camilo Gaitán López,1,0.9379985332489014,0.2733333333333333,0.023391812865497075,0.4
XC514068,coffal1,David Bradley,1,0.8959862589836121,0.28194444444444444,0.023391812865497075,0.4
XC915055,coffal1,Rodrigo Y Castro,1,0.9998840093612671,0.8788888888888889,0.05263157894736842,0.9
XC504846,sobtyr1,Iván Lau,0,0.9397956132888794,0.014285714285714285,0.004524886877828055,0.1
XC764623,sobtyr1,Niels Krabbe,1,0.9588279724121094,1.0,0.04524886877828054,1.0
XC653903,sobtyr1,Jacob Wijpkema,0,0.9063553214073181,0.10785714285714285,0.013574660633484163,0.3
XC176886,sobtyr1,Douglas Meyer,1,0.9672966003417969,0.45555555555555555,0.02262443438914027,0.5
XC580800,sobtyr1,Javier Ricardo Salamanca-Reyes,0,0.9213470220565796,0.0,0.0,0.0
XC763522,sobtyr1,GABRIEL LEITE,0,0.9479336738586426,0.0,0.0,0.0
XC612769,sobtyr1,Fabrice Schmitt,1,0.9092140793800354,0.12857142857142856,0.00904977375565611,0.2
XC135348,sobtyr1,Dan Lane,0,0.9616267681121826,0.11666666666666665,0.00904977375565611,0.2
XC1062368,sobtyr1,Jacob Wijpkema,1,0.8617264032363892,0.4222222222222222,0.02262443438914027,0.5
XC653904,sobtyr1,Jacob Wijpkema,1,0.9596781730651855,0.736547619047619,0.03619909502262444,0.8
XC348691,greant1,Blas Fandiño,1,0.9345632791519165,1.0,0.04484304932735426,1.0
XC397818,greant1,Federico Ferrer,1,0.9400279521942139,1.0,0.04484304932735426,1.0
XC50033,greant1,Bernabe Lopez-Lanus,0,0.9268156886100769,0.02,0.004484304932735426,0.1
XC388556,greant1,Marcelo Jordani Feliti,1,0.9503275752067566,0.315,0.017937219730941704,0.4
XC433819,greant1,Marcelo Jordani Feliti,1,0.9593133330345154,1.0,0.04484304932735426,1.0
XC123928,greant1,GABRIEL LEITE,1,0.9392025470733643,1.0,0.04484304932735426,1.0
XC489684,greant1,Jacob Wijpkema,1,0.9597810506820679,0.19,0.013452914798206279,0.3
XC452472,greant1,Marcelo Jordani Feliti,1,0.9520823955535889,0.7254365079365079,0.03587443946188341,0.8
XC616309,greant1,Fabrice Schmitt,0,0.944731593132019,0.0,0.0,0.0
XC118887,greant1,GABRIEL LEITE,0,0.9301307797431946,0.0,0.0,0.0
XC294719,squcuc1,Douglas Meyer,1,0.9167065024375916,0.7577777777777778,0.03463203463203463,0.8
XC294724,squcuc1,Douglas Meyer,1,0.96310955286026,1.0,0.04329004329004329,1.0
XC940505,squcuc1,Kauê Werner,1,0.9192838668823242,0.5714285714285714,0.030303030303030304,0.7
XC216157,squcuc1,Amanda Perin Marcon,1,0.9674302339553833,0.2375,0.012987012987012988,0.3
XC549930,squcuc1,Bernabe Lopez-Lanus,1,0.9569504261016846,0.29285714285714287,0.017316017316017316,0.4
XC549933,squcuc1,Bernabe Lopez-Lanus,0,0.9175053834915161,0.10952380952380951,0.012987012987012988,0.3
XC549936,squcuc1,Bernabe Lopez-Lanus,0,0.9027684926986694,0.05833333333333333,0.008658008658008658,0.2
XC247099,squcuc1,Joe Klaiber,1,0.9350631237030029,0.1,0.004329004329004329,0.1
XC246934,squcuc1,Joe Klaiber,0,0.9302291870117188,0.016666666666666666,0.004329004329004329,0.1
XC656889,squcuc1,Luiz Fernando Matos,0,0.9724957346916199,0.06666666666666667,0.008658008658008658,0.2
XC299640,roahaw,Patrice Adret,1,0.9326776266098022,0.4105555555555555,0.031446540880503145,0.5
XC372463,roahaw,Kent Livezey,0,0.9164206981658936,0.15619047619047616,0.025157232704402517,0.4
XC288830,roahaw,Diego Cueva,1,0.9520798921585083,0.788888888888889,0.050314465408805034,0.8
XC129438,roahaw,Oscar Humberto Marin-Gomez,1,0.9553501605987549,0.4730952380952381,0.03773584905660377,0.6
XC772769,roahaw,Sue Riffe,1,0.9460972547531128,0.7763888888888889,0.050314465408805034,0.8
XC716349,roahaw,Marcelo da Rocha,1,0.9321587085723877,0.39309523809523805,0.031446540880503145,0.5
XC340156,roahaw,GABRIEL LEITE,1,0.9317816495895386,0.55,0.03773584905660377,0.6
XC680705,roahaw,GABRIEL LEITE,1,0.9330247640609741,1.0,0.06289308176100629,1.0
XC235156,roahaw,cesar villamil,0,0.9456318616867065,0.0,0.0,0.0
XC19527,roahaw,Niels Krabbe,0,0.8360854387283325,0.065,0.012578616352201259,0.2
XC738930,trsowl,Adrian Antunez,0,0.9018467664718628,0.0,0.0,0.0
XC428741,trsowl,Diego Cueva,1,0.9231956005096436,0.5964285714285714,0.04242424242424243,0.7
XC597121,trsowl,Marcela Morales sánchez,1,0.9518624544143677,1.0,0.06060606060606061,1.0
XC549975,trsowl,Bernabe Lopez-Lanus,1,0.9470821619033813,1.0,0.06060606060606061,1.0
XC135491,trsowl,William Adsett ,1,0.9479227066040039,0.9,0.05454545454545454,0.9
XC572606,trsowl,Odirlei Vieira da Fonseca,1,0.8950177431106567,0.39722222222222225,0.030303030303030304,0.5
XC236394,trsowl,Odirlei Vieira da Fonseca,1,0.9408360719680786,0.866388888888889,0.05454545454545454,0.9
XC447808,trsowl,Kent Livezey,0,0.9757306575775146,0.0,0.0,0.0
XC619067,trsowl,Capovilla Pablo H,1,0.9055843353271484,0.8,0.048484848484848485,0.8
XC730130,trsowl,Brian Cox,1,0.9216078519821167,0.24444444444444446,0.024242424242424242,0.4
XC756928,banana,Igor Lazo,1,0.9631964564323425,0.15857142857142856,0.014778325123152709,0.3
XC190593,banana,Gabriel Rosa,1,0.9489828944206238,0.594047619047619,0.034482758620689655,0.7
XC247112,banana,Joe Klaiber,1,0.9571718573570251,0.16999999999999998,0.014778325123152709,0.3
XC561261,banana,Steve Hampton,0,0.9327602386474609,0.01111111111111111,0.0049261083743842365,0.1
XC127164,banana,pedrotêia,0,0.9326722621917725,0.07261904761904761,0.014778325123152709,0.3
XC169559,banana,GABRIEL LEITE,1,0.9581972360610962,0.13333333333333333,0.009852216748768473,0.2
XC241562,banana,Oscar Humberto Marín Gómez,1,0.9466266632080078,0.6268253968253968,0.034482758620689655,0.7
XC924739,banana,Sue Riffe,0,0.8837898969650269,0.02,0.0049261083743842365,0.1
XC541448,banana,Cristhian David Gaitán García,0,0.9579899311065674,0.03333333333333333,0.0049261083743842365,0.1
XC215467,banana,Terry Davis,0,0.952396035194397,0.2671428571428571,0.024630541871921183,0.5
XC29087,baffal1,Niels Krabbe,0,0.9171832203865051,0.2261904761904762,0.027624309392265192,0.5
XC29088,baffal1,Niels Krabbe,1,0.9234124422073364,0.4230952380952381,0.03314917127071823,0.6
XC235886,baffal1,Niels Krabbe,0,0.8958156108856201,0.18194444444444444,0.022099447513812154,0.4
XC437953,baffal1,George Wagner,1,0.9448093771934509,0.5857142857142857,0.03314917127071823,0.6
XC192816,baffal1,Kassius Santos,1,0.9559415578842163,0.7327777777777778,0.04419889502762431,0.8
XC666482,baffal1,Odirlei Vieira da Fonseca,1,0.9142911434173584,0.815436507936508,0.049723756906077346,0.9
XC727672,baffal1,Brian Cox,1,0.9026545286178589,0.866388888888889,0.049723756906077346,0.9
XC745799,baffal1,Jacob Wijpkema,1,0.9654649496078491,0.1,0.0055248618784530384,0.1
XC546400,baffal1,Ciro Albano,1,0.8957289457321167,1.0,0.055248618784530384,1.0
XC192815,baffal1,Kassius Santos,1,0.9398461580276489,1.0,0.055248618784530384,1.0
XC539586,soulap1,Yoann Blanchon,1,0.9289082288742065,1.0,0.072992700729927,1.0
XC9046,soulap1,Allen T. Chartier,1,0.908251941204071,0.8788888888888889,0.06569343065693431,0.9
XC562682,soulap1,Kent Livezey,1,0.9137415289878845,0.5208333333333334,0.051094890510948905,0.7
XC51500,soulap1,Bernabe Lopez-Lanus,0,0.9288565516471863,0.45087301587301587,0.051094890510948905,0.7
XC428133,soulap1,Caio Brito,1,0.9444118142127991,1.0,0.072992700729927,1.0
XC47141,soulap1,Niels Krabbe,1,0.9244426488876343,0.5,0.0364963503649635,0.5
XC861228,soulap1,Paulo Alves,1,0.8921172022819519,0.2095238095238095,0.021897810218978103,0.3
XC549503,soulap1,Bernabe Lopez-Lanus,1,0.8995346426963806,0.7268253968253968,0.058394160583941604,0.8
XC16003,soulap1,Niels Krabbe,1,0.9357165098190308,1.0,0.072992700729927,1.0
XC48574,soulap1,Bernabe Lopez-Lanus,1,0.9228866100311279,0.788888888888889,0.058394160583941604,0.8
XC340516,strcuc1,Aves del NEA,0,0.9274014234542847,0.30964285714285716,0.03896103896103896,0.6
XC340515,strcuc1,Aves del NEA,0,0.8422315716743469,0.2373015873015873,0.032467532467532464,0.5
XC173304,strcuc1,Douglas Meyer,1,0.953860878944397,0.7,0.045454545454545456,0.7
XC114965,strcuc1,pedrotêia,0,0.9414497017860413,0.016666666666666666,0.006493506493506494,0.1
XC349929,strcuc1,Kassius Santos,1,0.969901978969574,0.8788888888888889,0.05844155844155844,0.9
XC836228,strcuc1,Jacob Wijpkema,0,0.9425486922264099,0.26964285714285713,0.032467532467532464,0.5
XC508606,strcuc1,Niels Krabbe,0,0.9622618556022644,0.11619047619047618,0.01948051948051948,0.3
XC593146,strcuc1,Marcelo da Rocha,1,0.9458093047142029,0.4597619047619047,0.03896103896103896,0.6
XC240034,strcuc1,Oscar Humberto Marín Gómez,1,0.9508777856826782,1.0,0.06493506493506493,1.0
XC114160,strcuc1,Sergio Chaparro-Herrera,1,0.9270987510681152,0.5580952380952382,0.045454545454545456,0.7
XC993685,pabspi1,Bernabe Lopez-Lanus,0,0.9472745656967163,0.5,0.056,0.7
XC506225,pabspi1,Niels Krabbe,1,0.936540961265564,0.37666666666666665,0.04,0.5
XC687712,pabspi1,Niels Krabbe,1,0.98145991563797,0.575,0.048,0.6
XC506234,pabspi1,Niels Krabbe,0,0.9147778153419495,0.18285714285714288,0.032,0.4
XC452493,pabspi1,Marcelo Jordani Feliti,1,0.9534261226654053,0.31,0.032,0.4
XC701947,pabspi1,Jacob Wijpkema,1,0.9478938579559326,0.1,0.008,0.1
XC701948,pabspi1,Jacob Wijpkema,0,0.9417502284049988,0.0,0.0,0.0
XC236174,pabspi1,Niels Krabbe,0,0.9629220962524414,0.016666666666666666,0.008,0.1
XC391585,pabspi1,Kent Livezey,1,0.9512396454811096,0.7327777777777778,0.064,0.8
XC236176,pabspi1,Niels Krabbe,1,0.9743791222572327,0.3416666666666667,0.032,0.4
XC268594,yeofly1,Fabrice Schmitt,1,0.9772380590438843,0.34174603174603174,0.022556390977443608,0.6
XC361117,yeofly1,Niels Krabbe,0,0.9440596103668213,0.0,0.0,0.0
XC250157,yeofly1,Niels Krabbe,1,0.937595784664154,0.12222222222222223,0.007518796992481203,0.2
XC46766,yeofly1,Bernabe Lopez-Lanus,0,0.9699816107749939,0.24047619047619045,0.018796992481203006,0.5
XC1031972,yeofly1,Jacob Wijpkema,0,0.938799262046814,0.014285714285714285,0.0037593984962406013,0.1
XC187210,yeofly1,Marcelo O. Barbosa,1,0.9667239189147949,0.37976190476190474,0.018796992481203006,0.5
XC512409,yeofly1,Odemir Freitas Junior,0,0.9399951696395874,0.014285714285714285,0.0037593984962406013,0.1
XC611913,yeofly1,Fabrice Schmitt,0,0.9803805947303772,0.09666666666666665,0.011278195488721804,0.3
XC268592,yeofly1,Fabrice Schmitt,1,0.9751055240631104,0.5684920634920634,0.02631578947368421,0.7
XC583955,yeofly1,Ciro Albano,1,0.9803270697593689,0.736547619047619,0.03007518796992481,0.8
XC192979,gycwor1,Diego Caiafa,0,0.836021900177002,0.03111111111111111,0.014184397163120567,0.2
XC483682,gycwor1,Odemir Freitas Junior,1,0.9333605170249939,1.0,0.07092198581560284,1.0
XC772156,gycwor1,Niels Krabbe,1,0.9289412498474121,1.0,0.07092198581560284,1.0
XC501765,gycwor1,NUNES D&#039;ACOSTA,0,0.8536862134933472,0.0,0.0,0.0
XC1012395,gycwor1,Jacob Wijpkema,1,0.8711987137794495,0.7434920634920635,0.05673758865248227,0.8
XC843813,gycwor1,Mateus Gonçalves Santos,0,0.9379252195358276,0.27249999999999996,0.03546099290780142,0.5
XC216181,gycwor1,Kassius Santos,1,0.9229631423950195,1.0,0.07092198581560284,1.0
XC352281,gycwor1,Odirlei Vieira da Fonseca,1,0.9319632053375244,0.9,0.06382978723404255,0.9
XC335167,gycwor1,Alejandro Pinto-Gómez,1,0.9209780693054199,0.89,0.06382978723404255,0.9
XC197443,gycwor1,Joe Klaiber,0,0.9027260541915894,0.03333333333333333,0.0070921985815602835,0.1
XC254120,compau,Joe Klaiber,1,0.91582190990448,0.26,0.028169014084507043,0.4
XC225326,compau,Joe Klaiber,0,0.9251797199249268,0.0,0.0,0.0
XC236447,compau,Odirlei Vieira da Fonseca,1,0.9400191307067871,0.866388888888889,0.06338028169014084,0.9
XC311012,compau,Nery Chanquin,1,0.9358419179916382,1.0,0.07042253521126761,1.0
XC285306,compau,Paul Marvin,1,0.900103747844696,0.67,0.04929577464788732,0.7
XC592920,compau,Marcelo da Rocha,0,0.9165270328521729,0.03333333333333333,0.007042253521126761,0.1
XC221567,compau,Joe Klaiber,1,0.9428980350494385,0.9,0.06338028169014084,0.9
XC630102,compau,Ana Carla Aquino,0,0.899331271648407,0.0,0.0,0.0
XC427477,compau,Caio Brito,1,0.9424932599067688,0.5,0.035211267605633804,0.5
XC943093,compau,Carlos Delgado JUMABITA,1,0.9415854811668396,0.7532142857142857,0.056338028169014086,0.8
XC433820,barant1,Marcelo Jordani Feliti,1,0.9243910908699036,0.7532142857142857,0.04040404040404041,0.8
XC459559,barant1,Marcelo Jordani Feliti,0,0.8945473432540894,0.13166666666666665,0.020202020202020204,0.4
XC732448,barant1,Jacob Wijpkema,0,0.8977528214454651,0.05,0.005050505050505051,0.1
XC716450,barant1,Hernán Arias,1,0.9598231315612793,1.0,0.050505050505050504,1.0
XC354908,barant1,GABRIEL LEITE,1,0.92914217710495,0.6366666666666667,0.03535353535353535,0.7
XC428067,barant1,Caio Brito,0,0.9691526293754578,0.19444444444444445,0.020202020202020204,0.4
XC685458,barant1,Jacob Wijpkema,1,0.9550964832305908,0.8788888888888889,0.045454545454545456,0.9
XC676256,barant1,Jacob Wijpkema,1,0.9384617805480957,0.8788888888888889,0.045454545454545456,0.9
XC443189,barant1,Rosendo Fraga,1,0.9016941785812378,0.5130952380952382,0.030303030303030304,0.6
XC752776,barant1,GABRIEL LEITE,1,0.9192559719085693,0.89,0.045454545454545456,0.9
XC695270,pirfly1,Niels Krabbe,1,0.980372965335846,0.16666666666666666,0.014925373134328358,0.3
XC199153,pirfly1,Gabriel Rosa,0,0.9390597939491272,0.0,0.0,0.0
XC575453,pirfly1,Odirlei Vieira da Fonseca,0,0.9382095336914062,0.07333333333333333,0.009950248756218905,0.2
XC199221,pirfly1,Gabriel Rosa,1,0.9673161506652832,0.3555555555555555,0.024875621890547265,0.5
XC1050422,pirfly1,Mateus Gonçalves Santos,1,0.9771499633789062,0.5063095238095239,0.03482587064676617,0.7
XC249521,pirfly1,Niels Krabbe,0,0.9090918898582458,0.065,0.009950248756218905,0.2
XC249067,pirfly1,Niels Krabbe,0,0.9159622192382812,0.0,0.0,0.0
XC249418,pirfly1,Niels Krabbe,0,0.9548671841621399,0.08833333333333333,0.014925373134328358,0.3
XC249520,pirfly1,Niels Krabbe,1,0.9765356183052063,0.36944444444444446,0.024875621890547265,0.5
XC764117,pirfly1,Guilherme de Melo Becher,1,0.95042884349823,0.13333333333333333,0.009950248756218905,0.2
XC174648,linwoo1,Douglas Meyer,0,0.9384425282478333,0.01111111111111111,0.005434782608695652,0.1
XC550450,linwoo1,Bernabe Lopez-Lanus,0,0.9305284023284912,0.2261904761904762,0.02717391304347826,0.5
XC550448,linwoo1,Bernabe Lopez-Lanus,1,0.9353932738304138,0.26,0.016304347826086956,0.3
XC379497,linwoo1,Alberto Madroño,1,0.8723677396774292,0.8788888888888889,0.04891304347826087,0.9
XC732161,linwoo1,Jacob Wijpkema,1,0.8710401058197021,0.7621031746031747,0.043478260869565216,0.8
XC261880,linwoo1,Olaf Jahn,0,0.9426285028457642,0.016666666666666666,0.005434782608695652,0.1
XC250796,linwoo1,Niels Krabbe,1,0.899379312992096,0.1,0.005434782608695652,0.1
XC542823,linwoo1,Fabrice Schmitt,0,0.8841129541397095,0.12083333333333332,0.016304347826086956,0.3
XC688346,linwoo1,Andres Felipe Espinosa,0,0.9436570405960083,0.01,0.005434782608695652,0.1
XC197473,linwoo1,Joe Klaiber,0,0.923591136932373,0.2596428571428572,0.02717391304347826,0.5
XC238416,whtdov,Niels Krabbe,0,0.8726398944854736,0.5308730158730158,0.041666666666666664,0.8
XC235857,whtdov,Niels Krabbe,0,0.9054479002952576,0.0,0.0,0.0
XC238417,whtdov,Niels Krabbe,0,0.9467651844024658,0.16083333333333333,0.020833333333333332,0.4
XC294701,whtdov,Douglas Meyer,1,0.9414750337600708,0.8788888888888889,0.046875,0.9
XC388552,whtdov,Marcelo Jordani Feliti,1,0.9096470475196838,1.0,0.052083333333333336,1.0
XC538235,whtdov,Yoann Blanchon,1,0.9123582243919373,0.6268253968253968,0.036458333333333336,0.7
XC716476,whtdov,Hernán Arias,0,0.9094672203063965,0.03333333333333333,0.005208333333333333,0.1
XC147509,whtdov,Paul Marvin,1,0.9570244550704956,0.4716666666666667,0.03125,0.6
XC277692,whtdov,Paul Marvin,0,0.8951857089996338,0.2333333333333333,0.026041666666666668,0.5
XC833664,whtdov,Marcelo O. Barbosa,0,0.94806969165802,0.12083333333333332,0.015625,0.3
XC469159,bobfly1,GABRIEL LEITE,1,0.9329449534416199,0.35444444444444445,0.024509803921568627,0.5
XC578500,bobfly1,Ciro Albano,1,0.911449670791626,0.591111111111111,0.03431372549019608,0.7
XC545844,bobfly1,Ciro Albano,0,0.9317251443862915,0.17666666666666667,0.014705882352941176,0.3
XC427567,bobfly1,Caio Brito,0,0.9203879237174988,0.03428571428571429,0.00980392156862745,0.2
XC583946,bobfly1,Ciro Albano,1,0.9448437690734863,0.5325396825396825,0.03431372549019608,0.7
XC235872,bobfly1,Niels Krabbe,0,0.9242483377456665,0.14563492063492062,0.0196078431372549,0.4
XC427566,bobfly1,Caio Brito,1,0.9204108119010925,0.49309523809523814,0.03431372549019608,0.7
XC356904,bobfly1,Kent Livezey,1,0.9276825189590454,0.6308730158730158,0.0392156862745098,0.8
XC841763,bobfly1,Niels Krabbe,1,0.9653292298316956,0.4647619047619048,0.029411764705882353,0.6
XC666481,bobfly1,Odirlei Vieira da Fonseca,0,0.9509127736091614,0.014285714285714285,0.004901960784313725,0.1
XC944466,trokin,Carlos Delgado JUMABITA,0,0.9652423858642578,0.0,0.0,0.0
XC556661,trokin,Caio Brito,0,0.9663556814193726,0.0,0.0,0.0
XC131763,trokin,Oscar Humberto Marin-Gomez,0,0.965065062046051,0.01111111111111111,0.0064516129032258064,0.1
XC282322,trokin,Paul Marvin,1,0.9697048664093018,0.866388888888889,0.05806451612903226,0.9
XC287873,trokin,J.R. Rigby,0,0.9414283633232117,0.016666666666666666,0.0064516129032258064,0.1
XC944467,trokin,Carlos Delgado JUMABITA,0,0.9686120748519897,0.0,0.0,0.0
XC690960,trokin,Jules Evens,1,0.9441364407539368,0.7675,0.05161290322580645,0.8
XC960832,trokin,Alejandra Moreno Rojas ,0,0.9794481992721558,0.0,0.0,0.0
XC490064,trokin,GABRIEL LEITE,0,0.9571042060852051,0.039285714285714285,0.012903225806451613,0.2
XC282345,trokin,Paul Marvin,1,0.9510875940322876,0.716547619047619,0.05161290322580645,0.8
