species_key,scientific_name,common_name,n_klip,n_author,rating_median
pygcup1,Pnoepyga pusilla,Pygmy Cupwing,105,35,4.0
moutai1,Phyllergates cucullatus,Mountain Tailorbird,137,29,4.0
olbsun1,Cinnyris jugularis,Olive-backed Sunbird,123,23,4.0
rubcuc1,Cacomantis sepulcralis,Rusty-breasted Cuckoo,85,32,4.0
hacdro1,Dicrurus hottentottus,Hair-crested Drongo,91,19,4.0
horbab1,Malacocincla sepiaria,Horsfield's Babbler,68,32,5.0
lessho1,Brachypteryx leucophris,Lesser Shortwing,66,26,4.0
hoopit1,Pitta sordida,Hooded Pitta,62,22,4.0
crseag1,Spilornis cheela,Crested Serpent Eagle,35,15,4.0
latnig1,Caprimulgus macrurus,Large-tailed Nightjar,48,26,4.0
subwar1,Horornis vulcanius,Sunda Bush Warbler,48,19,4.5
sohbul1,Pycnonotus aurigaster,Sooty-headed Bulbul,44,26,3.0
gpipig1,Ducula aenea,Green Imperial Pigeon,45,19,4.0
suncuc1,Cuculus lepidus,Sunda Cuckoo,42,22,4.0
whbsho1,Brachypteryx montana,White-browed Shortwing,40,19,4.0
comior1,Aegithina tiphia,Common Iora,39,18,4.0
ghcfly1,Culicicapa ceylonensis,Grey-headed Canary-flycatcher,38,19,4.0
colkin1,Todiramphus chloris,Collared Kingfisher,40,14,4.0
savnig1,Caprimulgus affinis,Savanna Nightjar,31,20,4.0
ashtai1,Orthotomus ruficeps,Ashy Tailorbird,30,15,4.0
