scientific_name,common_name,total_clips,n_authors,q_A_B,q_A_B_C,has_sumatra_records,sample_locations
Mystery mystery,Identity unknown,209,75,121,163,TRUE,"Sumatra, Sarolangun Regency, Jambi | Kecamatan Seram Utara, Kabupaten Maluku Tengah, Maluku | Geragai, Kabupaten Tanjung Jabung Timur, Jambi"
Pnoepyga pusilla,Pygmy Cupwing,105,36,92,103,TRUE,"Golo Lusang Road, Ruteng, Flores | Gunung Tujuh, Kerinci Regency, Jambi | Gede Pangrango National Park, West Java Province, Java"
Cacomantis sepulcralis,Rusty-breasted Cuckoo,85,32,71,83,TRUE,"Sulawesi, Lore Lindu, Danau Tambing | Gunung Mahawu, Minahasa, North Sulawesi | Taman Huta Raya, nr Sukuh Temple, Mt Lawu, Jawa Tengah"
Malacocincla sepiaria,Horsfield's Babbler,68,32,62,68,TRUE,"Kecamatan Girimulyo, Kabupaten Kulon Progo, Daerah Istimewa Yogyakarta | Gede Pangrango National Park, West Java Province, Java | Gede Pangrango National Park, West Java Province, Java"
Phyllergates cucullatus,Mountain Tailorbird,137,30,115,133,TRUE,"Kecamatan Tomohon Utara (near  Tomohon), Kota Tomohon, Sulawesi Utara | Sulawesi; Lore Lindu NP, on the road to Anaso | Gunung Mahawu, Minahasa, North Sulawesi"
Caprimulgus macrurus,Large-tailed Nightjar,48,27,31,47,TRUE,"Waisai, Raja Ampat Regency, Southwest Papua | Ole Nasi, near Soe, West Timor | Waisai, Raja Ampat Regency, Southwest Papua"
Brachypteryx leucophris,Lesser Shortwing,66,26,54,64,TRUE,"Gunung Halimun-Salak National Park, West Java | Cisarua, Bogor Regency, West Java | Cisarua, Bogor Regency, West Java"
Psilopogon armillaris,Flame-fronted Barbet,60,26,35,54,FALSE,"Gede Pangrango National Park, West Java Province, Java | Gede Pangrango National Park, West Java Province, Java | Telaga Warna, Cisarua, Bogor, Jawa Barat"
Pycnonotus aurigaster,Sooty-headed Bulbul,44,26,20,38,TRUE,"Tangkoko Batuangus NR overlook, Bukit Bambang, North Sulawesi | Kotamobagu urban areas, Kota Kotamobagu, Sulawesi Utara | Kecamatan Tegaldlimo, Kabupaten Banyuwangi, Jawa Timur"
Cinnyris jugularis,Olive-backed Sunbird,123,23,85,108,TRUE,"Bunaken, Manado City, North Sulawesi | Bunaken, Manado City, North Sulawesi | Baitussalam, Kabupaten Aceh Besar, Aceh"
Tanysiptera galatea,Common Paradise Kingfisher,128,22,90,126,FALSE,"Warkesi, Waisai, Raja Ampat Regency, Southwest Papua | Warkesi, Waisai, Raja Ampat Regency, Southwest Papua | Warkesi, Waisai, Raja Ampat Regency, Southwest Papua"
Pitta sordida,Hooded Pitta,62,22,52,58,TRUE,"Oridek, Kabupaten Biak Numfor, Papua | Oridek, Kabupaten Biak Numfor, Papua | Kota Waisai, Kabupaten Raja Ampat, Papua Barat"
Orthotomus sepium,Olive-backed Tailorbird,51,22,41,51,FALSE,"Bali, Kabupatén Jembrana, Bali | Melaya, Jembrana Regency, Bali | Fern Garden, Tabanan Regency, Bali"
Cuculus lepidus,Sunda Cuckoo,42,22,34,41,TRUE,"Licin, Kabupaten Banyuwangi, Jawa Timur | Bedugul, Tabanan, Bali | Bali Botanical Gardens, Candikuning,  Bali"
Pitta maxima,Ivory-breasted Pitta,77,21,71,76,FALSE,"Lolobata National Park, Binagara Halmahera | near Akeara, Boso-Sidangoli Road, Maluku Utara | Weda Tengah, Central Halmahera Regency, North Maluku"
Oriolus chinensis,Black-naped Oriole,76,20,62,76,FALSE,Tidak tercatat
Eclectus roratus,Eclectus Parrot,68,20,63,67,FALSE,"Tabundung, East Sumba Regency, East Nusa Tenggara | Waisai, Raja Ampat Regency, Southwest Papua | Waisai, Raja Ampat Regency, Southwest Papua"
Otus magicus,Moluccan Scops Owl,65,20,55,64,FALSE,"Mamis, Mbeliling, West Manggarai Regency, East Nusa Tenggara | Lolobata National Park, Binagara Halmahera | Buli Road, East Halmahera, North Maluku"
Caprimulgus affinis,Savanna Nightjar,31,20,24,30,TRUE,"Sekar Sari, Kota Denpasar, Bali | Serangan island (west), Bali | Jambi Province, Sumatra"
Dicrurus bracteatus,Spangled Drongo,105,19,92,105,FALSE,"Klasaut, Klayili, Sorong Regency, Southwest Papua | Klafma, Aimas, Sorong Regency, Southwest Papua | Woodland outside Marindo Airport, Waisai, Raja Ampat Regency, Southwest Papua"
