species_key,scientific_name,indonesian_name,english_name,total_clips_indonesia,unique_authors,clips_in_sumatra,rating_A,rating_B,rating_C,rating_AB_pct,sample_locations
pnoepyga_pusilla,Pnoepyga pusilla,Berencet kerdil,Pygmy Cupwing,105,36,18,18,74,11,87.6,"Golo Lusang Road, Ruteng, Flores ; Gunung Tujuh, Kerinci Regency, Jambi ; Gede Pangrango National Park, West Java Province, Java"
cacomantis_sepulcralis,Cacomantis sepulcralis,Wiwik uncuing,Rusty-breasted Cuckoo,85,32,2,31,40,12,83.5,"Sulawesi, Lore Lindu, Danau Tambing ; Gunung Mahawu, Minahasa, North Sulawesi ; Taman Huta Raya, nr Sukuh Temple, Mt Lawu, Jawa Tengah"
malacocincla_sepiaria,Malacocincla sepiaria,Pelanduk semak,Horsfield's Babbler,68,32,7,37,25,6,91.2,"Kecamatan Girimulyo, Kabupaten Kulon Progo, Daerah Istimewa Yogyakarta ; Gede Pangrango National Park, West Java Province, Java ; Sukaraja, Bogor Regency, West Java"
phyllergates_cucullatus,Phyllergates cucullatus,Cinenen gunung,Mountain Tailorbird,137,30,10,17,98,18,83.9,"Kecamatan Tomohon Utara (near  Tomohon), Kota Tomohon, Sulawesi Utara ; Sulawesi; Lore Lindu NP, on the road to Anaso ; Gunung Mahawu, Minahasa, North Sulawesi"
caprimulgus_macrurus,Caprimulgus macrurus,Cabak maling,Large-tailed Nightjar,48,27,4,2,29,16,64.6,"Waisai, Raja Ampat Regency, Southwest Papua ; Ole Nasi, near Soe, West Timor ; Samofa, Biak Numfor Regency, Papua"
brachypteryx_leucophris,Brachypteryx leucophris,Cingcoang cokelat,Lesser Shortwing,66,26,9,14,40,10,81.8,"Gunung Halimun-Salak National Park, West Java ; Cisarua, Bogor Regency, West Java ; Java, Cibodas NP, between the waterfall and Botanic Gardens"
psilopogon_armillaris,Psilopogon armillaris,Takur tohtor,Flame-fronted Barbet,60,26,0,7,28,19,58.3,"Gede Pangrango National Park, West Java Province, Java ; Telaga Warna, Cisarua, Bogor, Jawa Barat ; Java, Cibodas NP, between the waterfall and Botanic Gardens"
pycnonotus_aurigaster,Pycnonotus aurigaster,Cucak kutilang,Sooty-headed Bulbul,44,26,1,6,14,18,45.5,"Tangkoko Batuangus NR overlook, Bukit Bambang, North Sulawesi ; Kotamobagu urban areas, Kota Kotamobagu, Sulawesi Utara ; Kecamatan Tegaldlimo, Kabupaten Banyuwangi, Jawa Timur"
cinnyris_jugularis,Cinnyris jugularis,Burung-madu sriganti,Olive-backed Sunbird,123,23,4,20,65,23,69.1,"Bunaken, Manado City, North Sulawesi ; Baitussalam, Kabupaten Aceh Besar, Aceh ; Tegenungan, Sukawati, Gianyar Regency, Bali"
pitta_sordida,Pitta sordida,Paok hijau,Hooded Pitta,62,22,5,6,46,6,83.9,"Oridek, Kabupaten Biak Numfor, Papua ; Kota Waisai, Kabupaten Raja Ampat, Papua Barat ; near Namber, Numfor Barat, Kabupaten Biak Numfor, Papua"
cuculus_lepidus,Cuculus lepidus,Kangkok melayu,Sunda Cuckoo,42,22,3,8,26,7,81.0,"Licin, Kabupaten Banyuwangi, Jawa Timur ; Bedugul, Tabanan, Bali ; Bali Botanical Gardens, Candikuning,  Bali"
caprimulgus_affinis,Caprimulgus affinis,Cabak kota,Savanna Nightjar,31,20,3,5,19,6,77.4,"Sekar Sari, Kota Denpasar, Bali ; Serangan island (west), Bali ; Jambi Province, Sumatra"
dicrurus_hottentottus,Dicrurus hottentottus,Srigunting gagak,Hair-crested Drongo,91,19,15,20,48,19,74.7,"Taluditi, Pohuwato, Gorontalo ; Karaenta Nature Reserve, Kabupaten Maros, Sulawesi Selatan ; Sulawesi: Tangkoko lowlands"
horornis_vulcanius,Horornis vulcanius,Cerik gunung,Sunda Bush Warbler,48,19,13,24,17,7,85.4,"Pasirjambu, Bandung Regency, West Java ; Sakura Hills, Mount Lawu, Jawa Tengah ; Gunung Gede National Park, Java"
ducula_aenea,Ducula aenea,Pergam hijau,Green Imperial Pigeon,45,19,2,3,22,18,55.6,"Bogani Nani Wartabone, Tambun Maleo Sanctuary, Dumoga Timur, Bolaang Mongondow Regency, North Sulawesi ; Sulawesi: Tangkoko hills ; Loh Liang - Komodo National Park, Kabupaten Manggarai Barat, Nusa Tenggara Timur"
brachypteryx_montana,Brachypteryx montana,Cingcoang alis-putih,White-browed Shortwing,40,19,13,17,15,8,80.0,"Gunung Gede National Park, Java ; Gunung Gede, Java ; Sumatra, Gunung Kerinci"
culicicapa_ceylonensis,Culicicapa ceylonensis,Sikatan kepala-abu,Grey-headed Canary-flycatcher,38,19,8,0,30,7,78.9," Pelaga, Badung ; Silahi Sabungan, Kabupaten Dairi, Sumatera Utara ; Wanggameti National Park, East Sumba"
aegithina_tiphia,Aegithina tiphia,Cipoh kacat,Common Iora,39,18,10,4,16,16,51.3,"Taman Cadika Pramuka, Medan, North Sumatra, Indonesia ; Taman Wisata Alam Mangrove Angke Kapuk ; Sumatra, Kabupaten Pelalawan, Riau"
orthotomus_ruficeps,Orthotomus ruficeps,Cinenen kelabu,Ashy Tailorbird,30,15,20,6,21,3,90.0,"Tambak Seruwai ; Central Tanjung Palas, Bulungan Regency, North Kalimantan ; Hutan Lindung, Penjaringan (near  North Jakarta), Kota Jakarta Utara, Daerah Khusus Ibukota Jakarta"
todiramphus_chloris,Todiramphus chloris,Cekakak suci,Collared Kingfisher,40,14,3,8,22,8,75.0,"Toraut, Sulawesi ; Gunung Kijang, Bintan Regency, Riau Islands ; Bali, Kabupaten Buleleng, Bali"
