ranking,scientific_name,common_name,n_klip,n_author,alasan_eksklusi
8,Psilopogon armillaris,Flame-fronted Barbet,60,25,Di luar kuota Top 20 taksa terpilih (DEC-10 ranking)
10,Tanysiptera galatea,Common Paradise Kingfisher,128,22,Di luar kuota Top 20 taksa terpilih (DEC-10 ranking)
12,Orthotomus sepium,Olive-backed Tailorbird,51,22,Di luar kuota Top 20 taksa terpilih (DEC-10 ranking)
14,Pitta maxima,Ivory-breasted Pitta,77,21,Di luar kuota Top 20 taksa terpilih (DEC-10 ranking)
15,Oriolus chinensis,Black-naped Oriole,76,20,Di luar kuota Top 20 taksa terpilih (DEC-10 ranking)
16,Eclectus roratus,Eclectus Parrot,68,20,Di luar kuota Top 20 taksa terpilih (DEC-10 ranking)
17,Otus magicus,Moluccan Scops Owl,65,20,Di luar kuota Top 20 taksa terpilih (DEC-10 ranking)
19,Dicrurus bracteatus,Spangled Drongo,105,19,Di luar kuota Top 20 taksa terpilih (DEC-10 ranking)
21,Rhyticeros plicatus,Blyth's Hornbill,66,19,Di luar kuota Top 20 taksa terpilih (DEC-10 ranking)
22,Megapodius freycinet,Dusky Megapode,55,19,Di luar kuota Top 20 taksa terpilih (DEC-10 ranking)
27,Geoffroyus geoffroyi,Red-cheeked Parrot,73,18,Di luar kuota Top 20 taksa terpilih (DEC-10 ranking)
28,Phylloscopus poliocephalus,Island Leaf Warbler,68,18,Di luar kuota Top 20 taksa terpilih (DEC-10 ranking)
29,Diphyllodes respublica,Wilson's Bird-of-paradise,61,18,Di luar kuota Top 20 taksa terpilih (DEC-10 ranking)
31,Locustella montis,Javan Bush Warbler,39,18,Di luar kuota Top 20 taksa terpilih (DEC-10 ranking)
32,Cyanoderma melanothorax,Crescent-chested Babbler,38,18,Di luar kuota Top 20 taksa terpilih (DEC-10 ranking)
33,Pachycephala nudigula,Bare-throated Whistler,38,18,Di luar kuota Top 20 taksa terpilih (DEC-10 ranking)
34,Cacomantis merulinus,Plaintive Cuckoo,28,18,Di luar kuota Top 20 taksa terpilih (DEC-10 ranking)
35,Macropygia doreya,Sultan's Cuckoo-Dove,61,17,Di luar kuota Top 20 taksa terpilih (DEC-10 ranking)
36,Origma murina,Rusty Mouse-warbler,58,17,Di luar kuota Top 20 taksa terpilih (DEC-10 ranking)
37,Myiagra alecto,Shining Flycatcher,55,17,Di luar kuota Top 20 taksa terpilih (DEC-10 ranking)
38,Paradisaea rubra,Red Bird-of-paradise,48,17,Di luar kuota Top 20 taksa terpilih (DEC-10 ranking)
39,Hydrornis guajanus,Javan Banded Pitta,46,17,Di luar kuota Top 20 taksa terpilih (DEC-10 ranking)
40,Otus manadensis,Sulawesi Scops Owl,40,17,Di luar kuota Top 20 taksa terpilih (DEC-10 ranking)
41,Cacomantis variolosus,Brush Cuckoo,39,17,Di luar kuota Top 20 taksa terpilih (DEC-10 ranking)
42,Semioptera wallacii,Standardwing,37,17,Di luar kuota Top 20 taksa terpilih (DEC-10 ranking)
43,Syma torotoro,Yellow-billed Kingfisher,37,17,Di luar kuota Top 20 taksa terpilih (DEC-10 ranking)
44,Napothera epilepidota,Eyebrowed Wren-Babbler,35,17,Di luar kuota Top 20 taksa terpilih (DEC-10 ranking)
45,Rhipidura rufiventris,Northern Fantail,61,16,Di luar kuota Top 20 taksa terpilih (DEC-10 ranking)
46,Ficedula westermanni,Little Pied Flycatcher,39,16,Di luar kuota Top 20 taksa terpilih (DEC-10 ranking)
47,Gallus varius,Green Junglefowl,30,16,Di luar kuota Top 20 taksa terpilih (DEC-10 ranking)
48,Gerygone sulphurea,Golden-bellied Gerygone,26,16,Di luar kuota Top 20 taksa terpilih (DEC-10 ranking)
49,Anthreptes malacensis,Brown-throated Sunbird,22,16,Di luar kuota Top 20 taksa terpilih (DEC-10 ranking)
50,Corvus enca,Slender-billed Crow,60,15,Di luar kuota Top 20 taksa terpilih (DEC-10 ranking)
51,Tesia superciliaris,Javan Tesia,52,15,Di luar kuota Top 20 taksa terpilih (DEC-10 ranking)
52,Pellorneum celebense,Sulawesi Babbler,42,15,Di luar kuota Top 20 taksa terpilih (DEC-10 ranking)
55,Parus cinereus,Cinereous Tit,29,15,Di luar kuota Top 20 taksa terpilih (DEC-10 ranking)
56,Centropus bengalensis,Lesser Coucal,28,15,Di luar kuota Top 20 taksa terpilih (DEC-10 ranking)
57,Pitta elegans,Elegant Pitta,27,15,Di luar kuota Top 20 taksa terpilih (DEC-10 ranking)
58,Reinwardtoena reinwardti,Great Cuckoo-Dove,27,15,Di luar kuota Top 20 taksa terpilih (DEC-10 ranking)
59,Poecilodryas hypoleuca,Black-sided Robin,54,14,Di luar kuota Top 20 taksa terpilih (DEC-10 ranking)
60,Leptocoma aspasia,Black Sunbird,42,14,Di luar kuota Top 20 taksa terpilih (DEC-10 ranking)
61,Ficedula hyperythra,Snowy-browed Flycatcher,41,14,Di luar kuota Top 20 taksa terpilih (DEC-10 ranking)
62,Hypothymis azurea,Black-naped Monarch,41,14,Di luar kuota Top 20 taksa terpilih (DEC-10 ranking)
64,Accipiter hiogaster,Variable Goshawk,39,14,Di luar kuota Top 20 taksa terpilih (DEC-10 ranking)
65,Amaurornis moluccana,Pale-vented Bush-hen,35,14,Di luar kuota Top 20 taksa terpilih (DEC-10 ranking)
66,Pachycephala fulvotincta,Rusty-breasted Whistler,34,14,Di luar kuota Top 20 taksa terpilih (DEC-10 ranking)
67,Phylloscopus grammiceps,Sunda Warbler,33,14,Di luar kuota Top 20 taksa terpilih (DEC-10 ranking)
68,Lyncornis macrotis,Great Eared Nightjar,31,14,Di luar kuota Top 20 taksa terpilih (DEC-10 ranking)
69,Arborophila javanica,Chestnut-bellied Partridge,29,14,Di luar kuota Top 20 taksa terpilih (DEC-10 ranking)
70,Hemiprocne longipennis,Grey-rumped Treeswift,29,14,Di luar kuota Top 20 taksa terpilih (DEC-10 ranking)
71,Ducula lacernulata,Dark-backed Imperial Pigeon,28,14,Di luar kuota Top 20 taksa terpilih (DEC-10 ranking)
72,Tanygnathus sumatranus,Blue-backed Parrot,28,14,Di luar kuota Top 20 taksa terpilih (DEC-10 ranking)
73,Pellorneum rostratum,White-chested Babbler,26,14,Di luar kuota Top 20 taksa terpilih (DEC-10 ranking)
74,Pomatorhinus montanus,Javan Scimitar Babbler,26,14,Di luar kuota Top 20 taksa terpilih (DEC-10 ranking)
75,Erythropitta macklotii,Papuan Pitta,20,14,Di luar kuota Top 20 taksa terpilih (DEC-10 ranking)
76,Spilopelia chinensis,Spotted Dove,20,14,Di luar kuota Top 20 taksa terpilih (DEC-10 ranking)
77,Malia grata,Malia,45,13,Di luar kuota Top 20 taksa terpilih (DEC-10 ranking)
78,Dicrurus paradiseus,Greater Racket-tailed Drongo,43,13,Di luar kuota Top 20 taksa terpilih (DEC-10 ranking)
79,Pachycephala cinerea,Mangrove Whistler,39,13,Di luar kuota Top 20 taksa terpilih (DEC-10 ranking)
80,Ptilinopus melanospilus,Black-naped Fruit Dove,35,13,Di luar kuota Top 20 taksa terpilih (DEC-10 ranking)
81,Actenoides monachus,Green-backed Kingfisher,34,13,Di luar kuota Top 20 taksa terpilih (DEC-10 ranking)
82,Melidora macrorrhina,Hook-billed Kingfisher,34,13,Di luar kuota Top 20 taksa terpilih (DEC-10 ranking)
83,Aplonis metallica,Metallic Starling,33,13,Di luar kuota Top 20 taksa terpilih (DEC-10 ranking)
84,Alcippe pyrrhoptera,Javan Fulvetta,32,13,Di luar kuota Top 20 taksa terpilih (DEC-10 ranking)
85,Diphyllodes magnificus,Magnificent Bird-of-paradise,32,13,Di luar kuota Top 20 taksa terpilih (DEC-10 ranking)
86,Gypsophila rufipectus,Rusty-breasted Wren-Babbler,31,13,Di luar kuota Top 20 taksa terpilih (DEC-10 ranking)
87,Otus lempiji,Sunda Scops Owl,31,13,Di luar kuota Top 20 taksa terpilih (DEC-10 ranking)
88,Zosterops japonicus,Warbling White-eye,30,13,Di luar kuota Top 20 taksa terpilih (DEC-10 ranking)
89,Pachycephala mentalis,Black-chinned Whistler,26,13,Di luar kuota Top 20 taksa terpilih (DEC-10 ranking)
90,Tanygnathus megalorynchos,Great-billed Parrot,26,13,Di luar kuota Top 20 taksa terpilih (DEC-10 ranking)
91,Corvus florensis,Flores Crow,25,13,Di luar kuota Top 20 taksa terpilih (DEC-10 ranking)
92,Cicinnurus regius,King Bird-of-paradise,23,13,Di luar kuota Top 20 taksa terpilih (DEC-10 ranking)
93,Glaucidium castanopterum,Javan Owlet,23,13,Di luar kuota Top 20 taksa terpilih (DEC-10 ranking)
94,Prinia familiaris,Bar-winged Prinia,20,13,Di luar kuota Top 20 taksa terpilih (DEC-10 ranking)
95,Eudynamys melanorhynchus,Black-billed Koel,47,12,Di luar kuota Top 20 taksa terpilih (DEC-10 ranking)
96,Eos squamata,Violet-necked Lory,36,12,Di luar kuota Top 20 taksa terpilih (DEC-10 ranking)
97,Cacatua galerita,Sulphur-crested Cockatoo,35,12,Di luar kuota Top 20 taksa terpilih (DEC-10 ranking)
98,Ducula basilica,Cinnamon-bellied Imperial Pigeon,35,12,Di luar kuota Top 20 taksa terpilih (DEC-10 ranking)
99,Pitta concinna,Ornate Pitta,34,12,Di luar kuota Top 20 taksa terpilih (DEC-10 ranking)
100,Rhipidura leucophrys,Willie Wagtail,34,12,Di luar kuota Top 20 taksa terpilih (DEC-10 ranking)
101,Cacatua alba,White Cockatoo,31,12,Di luar kuota Top 20 taksa terpilih (DEC-10 ranking)
102,Cyornis omissus,Sulawesi Blue Flycatcher,31,12,Di luar kuota Top 20 taksa terpilih (DEC-10 ranking)
103,Cracticus cassicus,Hooded Butcherbird,29,12,Di luar kuota Top 20 taksa terpilih (DEC-10 ranking)
104,Tesia everetti,Russet-capped Tesia,29,12,Di luar kuota Top 20 taksa terpilih (DEC-10 ranking)
105,Todiramphus nigrocyaneus,Blue-black Kingfisher,27,12,Di luar kuota Top 20 taksa terpilih (DEC-10 ranking)
106,Dicrurus montanus,Sulawesi Drongo,26,12,Di luar kuota Top 20 taksa terpilih (DEC-10 ranking)
107,Otus alfredi,Flores Scops Owl,26,12,Di luar kuota Top 20 taksa terpilih (DEC-10 ranking)
108,Arachnothera longirostra,Little Spiderhunter,23,12,Di luar kuota Top 20 taksa terpilih (DEC-10 ranking)
109,Ninox ochracea,Ochre-bellied Boobook,23,12,Di luar kuota Top 20 taksa terpilih (DEC-10 ranking)
110,Picus puniceus,Crimson-winged Woodpecker,21,12,Di luar kuota Top 20 taksa terpilih (DEC-10 ranking)
111,Rhipidura threnothorax,Sooty Thicket Fantail,21,12,Di luar kuota Top 20 taksa terpilih (DEC-10 ranking)
112,Surniculus lugubris,Square-tailed Drongo-Cuckoo,21,12,Di luar kuota Top 20 taksa terpilih (DEC-10 ranking)
113,Brachypodius melanocephalos,Black-headed Bulbul,20,12,Di luar kuota Top 20 taksa terpilih (DEC-10 ranking)
114,Locustella castanea,Sulawesi Bush Warbler,84,11,Di luar kuota Top 20 taksa terpilih (DEC-10 ranking)
115,Dicrurus densus,Wallacean Drongo,48,11,Di luar kuota Top 20 taksa terpilih (DEC-10 ranking)
116,Pachycephala sulfuriventer,Sulphur-vented Whistler,40,11,Di luar kuota Top 20 taksa terpilih (DEC-10 ranking)
117,Philemon buceroides,Helmeted Friarbird,39,11,Di luar kuota Top 20 taksa terpilih (DEC-10 ranking)
118,Paradisaea minor,Lesser Bird-of-paradise,34,11,Di luar kuota Top 20 taksa terpilih (DEC-10 ranking)
119,Oriolus phaeochromus,Dusky-brown Oriole,31,11,Di luar kuota Top 20 taksa terpilih (DEC-10 ranking)
120,Corvus typicus,Piping Crow,30,11,Di luar kuota Top 20 taksa terpilih (DEC-10 ranking)
121,Leucopsar rothschildi,Bali Myna,30,11,Di luar kuota Top 20 taksa terpilih (DEC-10 ranking)
122,Ptilinopus viridis,Claret-breasted Fruit Dove,29,11,Di luar kuota Top 20 taksa terpilih (DEC-10 ranking)
123,Aethopyga siparaja,Crimson Sunbird,26,11,Di luar kuota Top 20 taksa terpilih (DEC-10 ranking)
124,Mixornis flavicollis,Grey-cheeked Tit-Babbler,26,11,Di luar kuota Top 20 taksa terpilih (DEC-10 ranking)
125,Amaurornis phoenicurus,White-breasted Waterhen,25,11,Di luar kuota Top 20 taksa terpilih (DEC-10 ranking)
126,Macropygia ruficeps,Little Cuckoo-Dove,25,11,Di luar kuota Top 20 taksa terpilih (DEC-10 ranking)
127,Dicaeum trigonostigma,Orange-bellied Flowerpecker,24,11,Di luar kuota Top 20 taksa terpilih (DEC-10 ranking)
128,Cisticola exilis,Golden-headed Cisticola,23,11,Di luar kuota Top 20 taksa terpilih (DEC-10 ranking)
129,Epimachus fastosus,Black Sicklebill,23,11,Di luar kuota Top 20 taksa terpilih (DEC-10 ranking)
130,Lichmera limbata,Indonesian Honeyeater,23,11,Di luar kuota Top 20 taksa terpilih (DEC-10 ranking)
131,Ninox sumbaensis,Little Sumba Hawk-Owl,23,11,Di luar kuota Top 20 taksa terpilih (DEC-10 ranking)
132,Carterornis chrysomela,Golden Monarch,22,11,Di luar kuota Top 20 taksa terpilih (DEC-10 ranking)
133,Psilopogon australis,Yellow-eared Barbet,22,11,Di luar kuota Top 20 taksa terpilih (DEC-10 ranking)
134,Zosterops atriceps,Cream-throated White-eye,22,11,Di luar kuota Top 20 taksa terpilih (DEC-10 ranking)
135,Halcyon cyanoventris,Javan Kingfisher,21,11,Di luar kuota Top 20 taksa terpilih (DEC-10 ranking)
136,Carpococcyx viridis,Sumatran Ground Cuckoo,20,11,Di luar kuota Top 20 taksa terpilih (DEC-10 ranking)
137,Napothera albostriata,Sumatran Wren-Babbler,20,11,Di luar kuota Top 20 taksa terpilih (DEC-10 ranking)
138,Rhyticeros cassidix,Knobbed Hornbill,20,11,Di luar kuota Top 20 taksa terpilih (DEC-10 ranking)
139,Lycocorax pyrrhopterus,Halmahera Paradise-crow,52,10,Di luar kuota Top 20 taksa terpilih (DEC-10 ranking)
140,Centropus celebensis,Bay Coucal,46,10,Di luar kuota Top 20 taksa terpilih (DEC-10 ranking)
141,Rhipidura dryas,Arafura Fantail,37,10,Di luar kuota Top 20 taksa terpilih (DEC-10 ranking)
142,Culicicapa helianthea,Citrine Canary-flycatcher,33,10,Di luar kuota Top 20 taksa terpilih (DEC-10 ranking)
143,Ninox ios,Cinnabar Boobook,32,10,Di luar kuota Top 20 taksa terpilih (DEC-10 ranking)
144,Geokichla dohertyi,Chestnut-backed Thrush,31,10,Di luar kuota Top 20 taksa terpilih (DEC-10 ranking)
145,Chrysococcyx minutillus,Little Bronze Cuckoo,30,10,Di luar kuota Top 20 taksa terpilih (DEC-10 ranking)
146,Aegotheles crinifrons,Moluccan Owlet-nightjar,28,10,Di luar kuota Top 20 taksa terpilih (DEC-10 ranking)
147,Pitohui cerviniventris,Raja Ampat Pitohui,28,10,Di luar kuota Top 20 taksa terpilih (DEC-10 ranking)
148,Ducula perspicillata,Spectacled Imperial Pigeon,27,10,Di luar kuota Top 20 taksa terpilih (DEC-10 ranking)
149,Accipiter trinotatus,Spot-tailed Sparrowhawk,25,10,Di luar kuota Top 20 taksa terpilih (DEC-10 ranking)
150,Dacelo gaudichaud,Rufous-bellied Kookaburra,24,10,Di luar kuota Top 20 taksa terpilih (DEC-10 ranking)
151,Mulleripicus fulvus,Ashy Woodpecker,24,10,Di luar kuota Top 20 taksa terpilih (DEC-10 ranking)
152,Rhipidura maculipectus,Black Thicket Fantail,24,10,Di luar kuota Top 20 taksa terpilih (DEC-10 ranking)
153,Centropus menbeki,Ivory-billed Coucal,22,10,Di luar kuota Top 20 taksa terpilih (DEC-10 ranking)
154,Melampitta lugubris,Lesser Melampitta,22,10,Di luar kuota Top 20 taksa terpilih (DEC-10 ranking)
155,Stachyris thoracica,White-bibbed Babbler,22,10,Di luar kuota Top 20 taksa terpilih (DEC-10 ranking)
156,Cinnyris solaris,Flame-breasted Sunbird,21,10,Di luar kuota Top 20 taksa terpilih (DEC-10 ranking)
157,Cyornis olivaceus,Fulvous-chested Jungle Flycatcher,21,10,Di luar kuota Top 20 taksa terpilih (DEC-10 ranking)
158,Cyornis unicolor,Pale Blue Flycatcher,21,10,Di luar kuota Top 20 taksa terpilih (DEC-10 ranking)
159,Pachycephala schlegelii,Regent Whistler,21,10,Di luar kuota Top 20 taksa terpilih (DEC-10 ranking)
160,Seleucidis melanoleucus,Twelve-wired Bird-of-paradise,21,10,Di luar kuota Top 20 taksa terpilih (DEC-10 ranking)
161,Peneothello cyanus,Slaty Robin,20,10,Di luar kuota Top 20 taksa terpilih (DEC-10 ranking)
162,Philemon novaeguineae,New Guinea Friarbird,35,9,Di luar kuota Top 20 taksa terpilih (DEC-10 ranking)
163,Hypsipetes longirostris,Northern Golden Bulbul,34,9,Di luar kuota Top 20 taksa terpilih (DEC-10 ranking)
164,Hypothymis puella,Pale-blue Monarch,33,9,Di luar kuota Top 20 taksa terpilih (DEC-10 ranking)
165,Laniellus albonotatus,Spotted Crocias,31,9,Di luar kuota Top 20 taksa terpilih (DEC-10 ranking)
166,Myiagra galeata,Moluccan Flycatcher,31,9,Di luar kuota Top 20 taksa terpilih (DEC-10 ranking)
167,Arses telescopthalmus,Frilled Monarch,30,9,Di luar kuota Top 20 taksa terpilih (DEC-10 ranking)
168,Phylloscopus trivirgatus,Mountain Leaf Warbler,30,9,Di luar kuota Top 20 taksa terpilih (DEC-10 ranking)
169,Prioniturus platurus,Golden-mantled Racket-tail,30,9,Di luar kuota Top 20 taksa terpilih (DEC-10 ranking)
170,Oriolus szalayi,Brown Oriole,28,9,Di luar kuota Top 20 taksa terpilih (DEC-10 ranking)
171,Garrulax bicolor,Sumatran Laughingthrush,27,9,Di luar kuota Top 20 taksa terpilih (DEC-10 ranking)
172,Corvus validus,Long-billed Crow,26,9,Di luar kuota Top 20 taksa terpilih (DEC-10 ranking)
173,Phylloscopus nesophilus,Sulawesi Leaf Warbler,26,9,Di luar kuota Top 20 taksa terpilih (DEC-10 ranking)
174,Rhabdotorrhinus exarhatus,Sulawesi Hornbill,26,9,Di luar kuota Top 20 taksa terpilih (DEC-10 ranking)
175,Centropus goliath,Goliath Coucal,25,9,Di luar kuota Top 20 taksa terpilih (DEC-10 ranking)
176,Mino dumontii,Yellow-faced Myna,24,9,Di luar kuota Top 20 taksa terpilih (DEC-10 ranking)
177,Pachycephala griseonota,Drab Whistler,24,9,Di luar kuota Top 20 taksa terpilih (DEC-10 ranking)
178,Dicrurus leucophaeus,Ashy Drongo,23,9,Di luar kuota Top 20 taksa terpilih (DEC-10 ranking)
179,Rhipidura leucothorax,White-bellied Thicket Fantail,23,9,Di luar kuota Top 20 taksa terpilih (DEC-10 ranking)
180,Halcyon coromanda,Ruddy Kingfisher,22,9,Di luar kuota Top 20 taksa terpilih (DEC-10 ranking)
181,Aethopyga eximia,White-flanked Sunbird,21,9,Di luar kuota Top 20 taksa terpilih (DEC-10 ranking)
182,Myophonus glaucinus,Javan Whistling Thrush,21,9,Di luar kuota Top 20 taksa terpilih (DEC-10 ranking)
183,Scissirostrum dubium,Grosbeak Starling,21,9,Di luar kuota Top 20 taksa terpilih (DEC-10 ranking)
184,Lalage aurea,Rufous-bellied Triller,20,9,Di luar kuota Top 20 taksa terpilih (DEC-10 ranking)
185,Myza sarasinorum,White-eared Myza,20,9,Di luar kuota Top 20 taksa terpilih (DEC-10 ranking)
186,Tanysiptera riedelii,Biak Paradise Kingfisher,20,9,Di luar kuota Top 20 taksa terpilih (DEC-10 ranking)
187,Turdinus macrodactylus,Large Wren-Babbler,20,9,Di luar kuota Top 20 taksa terpilih (DEC-10 ranking)
188,Macropygia amboinensis,Amboyna Cuckoo-Dove,34,8,Di luar kuota Top 20 taksa terpilih (DEC-10 ranking)
189,Todiramphus australasia,Cinnamon-banded Kingfisher,34,8,Di luar kuota Top 20 taksa terpilih (DEC-10 ranking)
190,Toxorhamphus novaeguineae,Yellow-bellied Longbill,32,8,Di luar kuota Top 20 taksa terpilih (DEC-10 ranking)
191,Lorius garrulus,Chattering Lory,29,8,Di luar kuota Top 20 taksa terpilih (DEC-10 ranking)
192,Cyornis hoevelli,Blue-fronted Blue Flycatcher,28,8,Di luar kuota Top 20 taksa terpilih (DEC-10 ranking)
193,Probosciger aterrimus,Palm Cockatoo,27,8,Di luar kuota Top 20 taksa terpilih (DEC-10 ranking)
194,Myiagra ruficollis,Broad-billed Flycatcher,25,8,Di luar kuota Top 20 taksa terpilih (DEC-10 ranking)
195,Heinrichia calligyna,Great Shortwing,24,8,Di luar kuota Top 20 taksa terpilih (DEC-10 ranking)
196,Erythropitta rufiventris,North Moluccan Pitta,23,8,Di luar kuota Top 20 taksa terpilih (DEC-10 ranking)
197,Eumyias panayensis,Turquoise Flycatcher,23,8,Di luar kuota Top 20 taksa terpilih (DEC-10 ranking)
198,Todiramphus funebris,Sombre Kingfisher,23,8,Di luar kuota Top 20 taksa terpilih (DEC-10 ranking)
199,Ducula pinon,Pinon's Imperial Pigeon,21,8,Di luar kuota Top 20 taksa terpilih (DEC-10 ranking)
200,Loriculus stigmatus,Great Hanging Parrot,21,8,Di luar kuota Top 20 taksa terpilih (DEC-10 ranking)
201,Prioniturus flavicans,Yellow-breasted Racket-tail,21,8,Di luar kuota Top 20 taksa terpilih (DEC-10 ranking)
202,Ptiloris magnificus,Magnificent Riflebird,20,8,Di luar kuota Top 20 taksa terpilih (DEC-10 ranking)
203,Zosterops atrifrons,Black-crowned White-eye,39,7,Di luar kuota Top 20 taksa terpilih (DEC-10 ranking)
204,Arborophila orientalis,Grey-breasted Partridge,35,7,Di luar kuota Top 20 taksa terpilih (DEC-10 ranking)
205,Geokichla peronii,Orange-sided Thrush,31,7,Di luar kuota Top 20 taksa terpilih (DEC-10 ranking)
206,Dryocopus javensis,White-bellied Woodpecker,29,7,Di luar kuota Top 20 taksa terpilih (DEC-10 ranking)
207,Cochoa azurea,Javan Cochoa,25,7,Di luar kuota Top 20 taksa terpilih (DEC-10 ranking)
208,Rhipidura teysmanni,Sulawesi Fantail,23,7,Di luar kuota Top 20 taksa terpilih (DEC-10 ranking)
209,Pseudorectes ferrugineus,Rusty Pitohui,21,7,Di luar kuota Top 20 taksa terpilih (DEC-10 ranking)
210,Zosterops chloris,Lemon-bellied White-eye,21,7,Di luar kuota Top 20 taksa terpilih (DEC-10 ranking)
211,Myzomela chloroptera,Sulawesi Myzomela,20,7,Di luar kuota Top 20 taksa terpilih (DEC-10 ranking)
212,Symposiachrus bimaculatus,Moluccan Monarch,20,7,Di luar kuota Top 20 taksa terpilih (DEC-10 ranking)
213,Coracina bicolor,Pied Cuckooshrike,22,6,Di luar kuota Top 20 taksa terpilih (DEC-10 ranking)
214,Machaerirhynchus flaviventer,Yellow-breasted Boatbill,21,6,Di luar kuota Top 20 taksa terpilih (DEC-10 ranking)
215,Halcyon smyrnensis,White-throated Kingfisher,20,6,Di luar kuota Top 20 taksa terpilih (DEC-10 ranking)
216,Lorius lory,Black-capped Lory,20,6,Di luar kuota Top 20 taksa terpilih (DEC-10 ranking)
217,Lichmera squamata,Scaly-breasted Honeyeater,36,5,Di luar kuota Top 20 taksa terpilih (DEC-10 ranking)
218,Zosterops citrinella,Ashy-bellied White-eye,25,5,Di luar kuota Top 20 taksa terpilih (DEC-10 ranking)
219,Otus umbra,Simeulue Scops Owl,20,5,Di luar kuota Top 20 taksa terpilih (DEC-10 ranking)
220,Pachycephala macrorhyncha,Yellow-throated Whistler,20,5,Di luar kuota Top 20 taksa terpilih (DEC-10 ranking)
